,수온,Condition factor,ALP,T P,Wgp2,Wgi3,Whkp2,Whki2-1,Wlr1,Wlr2-1,Wsi2,결과
0,12.44,1.828,79.0,5.7,0.0,4.0,0.0,0.0,0.0,0.0,8.0,1.0
1,12.44,2.348,60.0,5.4,0.0,0.0,8.0,0.0,4.0,0.0,4.0,1.0
2,12.44,1.634,95.0,4.7,0.0,8.0,0.0,8.0,4.0,0.0,8.0,2.0
3,12.44,1.906,77.0,5.7,4.0,4.0,0.0,8.0,4.0,0.0,4.0,1.0
4,12.44,2.055,59.0,5.9,4.0,4.0,4.0,4.0,0.0,0.0,0.0,1.0
5,12.44,1.176,32.0,4.6,8.0,0.0,8.0,8.0,8.0,0.0,8.0,2.0
6,12.44,1.036,82.0,4.9,0.0,0.0,4.0,8.0,0.0,0.0,8.0,1.0
7,12.44,1.852,72.0,6.1,0.0,8.0,0.0,8.0,0.0,0.0,8.0,1.0
8,12.44,1.882,63.0,5.3,0.0,4.0,0.0,4.0,4.0,0.0,4.0,1.0
9,12.44,2.247,66.0,5.9,8.0,0.0,0.0,8.0,0.0,0.0,4.0,1.0
10,12.44,2.006,82.0,5.2,0.0,4.0,0.0,4.0,0.0,0.0,8.0,1.0
11,12.44,1.882,77.0,7.2,4.0,0.0,0.0,0.0,0.0,0.0,0.0,0.0
12,12.44,1.914,68.0,5.1,0.0,4.0,0.0,0.0,4.0,0.0,4.0,0.0
13,12.44,1.776,65.0,4.6,0.0,0.0,0.0,4.0,4.0,0.0,4.0,0.0
14,12.44,2.132,76.0,5.1,4.0,4.0,4.0,0.0,0.0,0.0,4.0,1.0
15,13.97,1.762,40.0,3.4,0.0,0.0,8.0,0.0,0.0,0.0,8.0,1.0
16,13.97,1.404,78.0,4.4,0.0,0.0,8.0,0.0,0.0,0.0,4.0,1.0
17,13.97,1.77,201.0,5.4,0.0,0.0,0.0,0.0,0.0,0.0,0.0,0.0
18,13.97,1.686,63.0,4.7,4.0,4.0,8.0,0.0,4.0,0.0,8.0,1.0
19,13.97,1.298,79.0,3.5,4.0,0.0,8.0,0.0,12.0,0.0,0.0,1.0
20,13.97,1.726,78.0,4.3,0.0,4.0,4.0,0.0,4.0,4.0,0.0,1.0
21,13.97,1.562,77.0,5.0,0.0,0.0,4.0,0.0,4.0,0.0,4.0,1.0
22,13.97,1.364,49.0,3.4,0.0,4.0,12.0,0.0,12.0,0.0,8.0,1.0
23,13.97,1.615,113.0,4.6,4.0,4.0,0.0,0.0,0.0,8.0,0.0,1.0
24,13.97,1.721,113.0,5.3,0.0,0.0,8.0,0.0,4.0,0.0,0.0,1.0
25,13.97,1.689,63.0,5.5,0.0,8.0,4.0,0.0,0.0,0.0,0.0,1.0
26,13.97,1.847,75.0,4.6,0.0,0.0,8.0,0.0,0.0,0.0,0.0,1.0
27,13.97,1.594,69.0,4.9,8.0,4.0,4.0,0.0,0.0,8.0,4.0,1.0
28,13.97,1.473,160.0,5.0,0.0,0.0,0.0,0.0,0.0,8.0,0.0,0.0
29,13.97,1.377,119.0,5.2,0.0,0.0,8.0,0.0,8.0,8.0,8.0,2.0
30,13.31,1.465,79.0,5.7,0.0,0.0,8.0,8.0,12.0,0.0,4.0,2.0
31,13.31,1.756,162.0,4.9,0.0,0.0,0.0,0.0,0.0,0.0,4.0,0.0
32,13.31,1.789,152.0,6.5,0.0,0.0,0.0,0.0,0.0,0.0,0.0,0.0
33,13.31,1.675,91.0,4.3,0.0,0.0,8.0,0.0,8.0,0.0,0.0,1.0
34,13.31,1.493,33.0,3.1,0.0,0.0,8.0,0.0,12.0,0.0,4.0,1.0
35,13.31,1.731,175.0,5.9,0.0,0.0,0.0,0.0,0.0,4.0,0.0,0.0
36,13.31,1.852,231.0,6.1,0.0,0.0,0.0,0.0,0.0,4.0,0.0,1.0
37,13.31,1.91,210.0,5.5,0.0,0.0,0.0,0.0,0.0,0.0,0.0,0.0
38,13.31,1.722,196.0,5.6,0.0,0.0,0.0,0.0,0.0,0.0,0.0,0.0
39,13.31,2.02,173.0,5.5,0.0,0.0,0.0,0.0,0.0,8.0,4.0,1.0
40,13.31,2.106,147.0,6.0,0.0,8.0,0.0,0.0,0.0,0.0,4.0,1.0
41,13.31,1.772,191.0,5.4,0.0,0.0,0.0,0.0,8.0,0.0,4.0,1.0
42,13.31,1.89,206.0,5.4,0.0,0.0,4.0,0.0,4.0,0.0,4.0,1.0
43,13.31,1.815,131.0,6.0,0.0,0.0,4.0,0.0,4.0,0.0,4.0,1.0
44,13.31,1.795,142.0,5.4,8.0,4.0,0.0,0.0,0.0,4.0,4.0,1.0
45,14.5,1.703,175.0,4.3,4.0,4.0,0.0,0.0,4.0,8.0,0.0,1.0
46,14.5,1.52,117.0,4.2,0.0,0.0,4.0,0.0,8.0,4.0,0.0,1.0
47,14.5,1.492,170.0,4.1,0.0,0.0,4.0,0.0,8.0,4.0,0.0,1.0
48,14.5,1.896,254.0,4.8,0.0,0.0,0.0,4.0,0.0,0.0,0.0,1.0
49,14.5,1.806,291.0,5.0,0.0,0.0,0.0,0.0,0.0,0.0,4.0,0.0
50,14.5,1.847,186.0,5.2,8.0,8.0,0.0,0.0,4.0,0.0,0.0,2.0
51,14.5,1.91,222.0,4.7,4.0,0.0,0.0,0.0,4.0,0.0,0.0,1.0
52,14.5,1.756,156.0,2.4,0.0,0.0,0.0,0.0,8.0,8.0,0.0,0.0
53,14.5,1.753,108.0,2.7,0.0,0.0,0.0,0.0,8.0,4.0,0.0,2.0
54,14.5,2.428,185.0,5.5,0.0,0.0,4.0,0.0,0.0,0.0,0.0,1.0
55,14.5,1.428,131.0,2.9,0.0,0.0,8.0,0.0,8.0,4.0,0.0,2.0
56,14.5,1.627,68.0,3.5,0.0,0.0,0.0,0.0,12.0,0.0,0.0,1.0
57,14.5,1.699,172.0,4.2,0.0,4.0,0.0,0.0,0.0,0.0,4.0,1.0
58,14.5,1.528,222.0,5.6,0.0,0.0,0.0,4.0,0.0,0.0,0.0,1.0
59,14.5,1.849,160.0,5.3,0.0,0.0,0.0,0.0,4.0,0.0,4.0,1.0
60,17.57,1.922,144.0,4.3,0.0,4.0,0.0,0.0,4.0,0.0,0.0,0.0
61,17.57,1.862,177.0,4.9,0.0,0.0,0.0,0.0,4.0,0.0,0.0,0.0
62,17.57,2.049,101.0,3.6,0.0,4.0,0.0,0.0,8.0,8.0,0.0,1.0
63,17.57,2.202,46.0,2.6,0.0,4.0,0.0,0.0,0.0,4.0,0.0,1.0
64,17.57,2.03,103.0,4.1,0.0,0.0,0.0,0.0,4.0,0.0,0.0,0.0
65,17.57,2.306,165.0,4.5,0.0,0.0,0.0,0.0,4.0,0.0,0.0,0.0
66,17.57,1.521,109.0,5.0,0.0,4.0,0.0,0.0,8.0,0.0,4.0,1.0
67,17.57,1.691,221.0,4.3,0.0,0.0,0.0,0.0,4.0,0.0,0.0,1.0
68,17.57,1.982,271.0,4.3,0.0,4.0,0.0,0.0,0.0,0.0,4.0,1.0
69,17.57,1.717,94.0,4.0,0.0,4.0,0.0,0.0,8.0,8.0,0.0,1.0
70,17.57,1.755,151.0,4.8,0.0,4.0,0.0,0.0,8.0,4.0,0.0,1.0
71,17.57,1.412,66.0,4.7,0.0,4.0,0.0,0.0,4.0,4.0,4.0,1.0
72,17.57,1.732,174.0,5.6,0.0,4.0,4.0,0.0,8.0,8.0,0.0,2.0
73,17.57,1.743,59.0,3.3,0.0,0.0,0.0,0.0,4.0,0.0,4.0,0.0
74,17.57,1.768,301.0,4.3,0.0,4.0,8.0,4.0,8.0,0.0,4.0,1.0
75,16.89,2.015,198.0,5.1,0.0,0.0,8.0,0.0,0.0,0.0,4.0,1.0
76,16.89,1.888,147.0,4.7,0.0,0.0,4.0,0.0,0.0,0.0,0.0,0.0
77,16.89,2.023,114.0,4.6,0.0,0.0,4.0,0.0,0.0,0.0,0.0,0.0
78,16.89,1.91,233.0,4.8,0.0,0.0,8.0,8.0,0.0,0.0,4.0,1.0
79,16.89,2.012,101.0,4.2,0.0,4.0,0.0,0.0,0.0,0.0,4.0,1.0
80,16.89,2.332,82.0,4.4,0.0,0.0,4.0,4.0,0.0,4.0,8.0,1.0
81,16.89,1.957,160.0,4.4,0.0,0.0,4.0,0.0,0.0,0.0,0.0,1.0
82,16.89,2.291,163.0,5.1,4.0,0.0,0.0,0.0,0.0,0.0,0.0,1.0
83,16.89,1.775,319.0,4.9,0.0,4.0,4.0,4.0,0.0,0.0,0.0,1.0
84,16.89,1.876,294.0,4.9,0.0,0.0,8.0,8.0,0.0,0.0,0.0,1.0
85,16.89,1.811,337.0,4.7,0.0,0.0,8.0,0.0,8.0,4.0,4.0,1.0
86,16.89,1.524,232.0,4.7,0.0,8.0,8.0,0.0,8.0,0.0,4.0,1.0
87,16.89,2.125,250.0,5.2,0.0,4.0,4.0,0.0,0.0,0.0,0.0,1.0
88,16.89,1.873,304.0,5.4,0.0,0.0,4.0,0.0,8.0,0.0,8.0,1.0
89,16.89,1.409,344.0,4.4,0.0,8.0,4.0,0.0,12.0,0.0,0.0,1.0
90,15.97,1.661,91.0,4.6,0.0,12.0,0.0,0.0,0.0,0.0,8.0,1.0
91,15.97,1.579,118.0,4.2,0.0,4.0,0.0,0.0,0.0,0.0,4.0,1.0
92,15.97,1.401,212.0,4.1,0.0,0.0,0.0,0.0,8.0,0.0,0.0,1.0
93,15.97,1.67,101.0,4.3,0.0,0.0,8.0,4.0,8.0,0.0,8.0,2.0
94,15.97,1.577,142.0,4.6,0.0,0.0,0.0,0.0,0.0,0.0,8.0,1.0
95,15.97,1.526,256.0,3.9,0.0,0.0,0.0,0.0,0.0,0.0,8.0,1.0
96,15.97,1.686,190.0,4.5,0.0,0.0,0.0,0.0,0.0,0.0,4.0,1.0
97,15.97,1.865,114.0,5.4,0.0,0.0,0.0,0.0,4.0,0.0,0.0,1.0
98,15.97,1.8,165.0,4.8,0.0,0.0,0.0,0.0,0.0,0.0,4.0,1.0
99,15.97,1.632,118.0,4.4,0.0,4.0,0.0,0.0,0.0,0.0,8.0,1.0
100,15.97,2.034,91.0,4.5,0.0,4.0,0.0,0.0,0.0,0.0,4.0,1.0
101,15.97,1.745,190.0,5.1,0.0,0.0,0.0,0.0,4.0,0.0,8.0,1.0
102,15.97,1.953,114.0,4.8,0.0,0.0,0.0,0.0,0.0,0.0,4.0,1.0
103,15.97,1.424,278.0,4.8,0.0,0.0,8.0,0.0,8.0,0.0,12.0,2.0
104,15.97,1.813,322.0,4.8,0.0,4.0,0.0,0.0,0.0,0.0,8.0,1.0
105,17.38,1.805,188.0,4.9,0.0,0.0,0.0,0.0,0.0,0.0,0.0,0.0
106,17.38,1.626,131.0,5.2,0.0,0.0,0.0,0.0,4.0,0.0,4.0,0.0
107,17.38,1.821,126.0,5.1,0.0,4.0,0.0,0.0,0.0,0.0,0.0,0.0
108,17.38,1.918,201.0,5.6,0.0,4.0,0.0,0.0,0.0,0.0,0.0,0.0
109,17.38,2.517,144.0,5.1,0.0,4.0,0.0,0.0,0.0,0.0,0.0,0.0
110,17.38,1.98,256.0,5.2,0.0,4.0,4.0,8.0,4.0,0.0,4.0,1.0
111,17.38,1.998,168.0,5.3,0.0,4.0,4.0,0.0,4.0,4.0,4.0,1.0
112,17.38,2.016,174.0,5.1,0.0,4.0,0.0,0.0,0.0,0.0,0.0,0.0
113,17.38,2.208,116.0,5.0,0.0,4.0,0.0,8.0,0.0,0.0,4.0,1.0
114,17.38,2.002,131.0,5.6,0.0,0.0,0.0,0.0,4.0,0.0,0.0,0.0
115,17.38,1.978,61.0,3.6,0.0,8.0,0.0,0.0,4.0,0.0,4.0,0.0
116,17.38,2.083,80.0,5.1,0.0,0.0,0.0,0.0,4.0,0.0,4.0,0.0
117,17.38,2.163,139.0,4.9,0.0,0.0,0.0,4.0,0.0,0.0,0.0,1.0
118,17.38,1.981,64.0,4.3,0.0,8.0,0.0,0.0,0.0,0.0,4.0,0.0
119,17.38,2.046,91.0,2.5,0.0,4.0,0.0,0.0,8.0,0.0,0.0,1.0
120,19.3,1.553,118.0,5.3,0.0,0.0,8.0,12.0,8.0,4.0,8.0,2.0
121,19.3,1.888,174.0,4.3,0.0,0.0,0.0,4.0,8.0,4.0,8.0,1.0
122,19.3,2.148,168.0,4.7,0.0,0.0,0.0,0.0,0.0,0.0,0.0,0.0
123,19.3,1.52,101.0,3.8,0.0,0.0,0.0,8.0,8.0,0.0,8.0,1.0
124,19.3,1.575,116.0,4.1,0.0,0.0,8.0,4.0,4.0,0.0,4.0,1.0
125,19.3,1.446,277.0,3.7,0.0,0.0,4.0,4.0,8.0,4.0,4.0,1.0
126,19.3,1.963,94.0,4.4,0.0,0.0,0.0,4.0,4.0,8.0,8.0,1.0
127,19.3,1.501,43.0,4.8,0.0,0.0,12.0,8.0,12.0,0.0,12.0,2.0
128,19.3,1.526,104.0,4.5,0.0,0.0,0.0,4.0,8.0,0.0,0.0,1.0
129,19.3,1.69,171.0,3.6,0.0,0.0,4.0,0.0,8.0,4.0,8.0,2.0
130,19.3,1.56,84.0,5.2,0.0,0.0,8.0,0.0,4.0,0.0,4.0,1.0
131,19.3,1.597,53.0,4.0,0.0,0.0,8.0,8.0,8.0,0.0,12.0,2.0
132,19.3,1.475,139.0,4.5,0.0,0.0,0.0,4.0,8.0,8.0,4.0,1.0
133,19.3,1.64,114.0,4.8,0.0,0.0,8.0,8.0,8.0,0.0,8.0,2.0
134,19.3,1.378,85.0,4.5,0.0,0.0,4.0,8.0,8.0,0.0,8.0,2.0
135,18.38,1.604,98.0,4.9,0.0,0.0,0.0,12.0,0.0,8.0,8.0,2.0
136,18.38,2.001,106.0,5.0,0.0,0.0,0.0,4.0,0.0,12.0,4.0,2.0
137,18.38,1.524,126.0,5.6,0.0,8.0,0.0,8.0,0.0,8.0,4.0,2.0
138,18.38,1.75,117.0,4.7,0.0,4.0,4.0,0.0,0.0,8.0,4.0,1.0
139,18.38,1.61,107.0,4.8,8.0,0.0,8.0,4.0,0.0,0.0,8.0,2.0
140,18.38,1.667,60.0,5.4,0.0,4.0,8.0,8.0,0.0,8.0,8.0,2.0
141,18.38,1.348,81.0,3.3,0.0,4.0,8.0,0.0,8.0,8.0,8.0,2.0
142,18.38,1.721,99.0,5.5,0.0,0.0,0.0,0.0,0.0,0.0,4.0,1.0
143,18.38,1.877,96.0,7.2,0.0,8.0,8.0,0.0,0.0,4.0,4.0,1.0
144,18.38,1.788,114.0,5.5,0.0,4.0,8.0,4.0,4.0,4.0,8.0,1.0
145,18.38,1.587,67.0,5.2,0.0,8.0,12.0,0.0,0.0,4.0,8.0,2.0
146,18.38,1.637,90.0,5.1,4.0,4.0,4.0,0.0,0.0,8.0,4.0,1.0
147,18.38,1.741,153.0,4.9,0.0,0.0,8.0,0.0,0.0,8.0,0.0,1.0
148,18.38,1.33,142.0,4.0,0.0,0.0,8.0,4.0,4.0,8.0,4.0,2.0
149,18.38,1.564,117.0,5.2,8.0,8.0,4.0,8.0,0.0,4.0,0.0,2.0
150,18.84,2.199,55.0,4.4,0.0,0.0,12.0,0.0,8.0,0.0,8.0,2.0
151,18.84,2.427,73.0,5.9,0.0,0.0,8.0,0.0,4.0,0.0,4.0,1.0
152,18.84,2.098,48.0,2.8,0.0,0.0,12.0,0.0,12.0,0.0,12.0,2.0
153,18.84,2.136,124.0,6.4,0.0,0.0,0.0,0.0,0.0,0.0,8.0,1.0
154,18.84,2.31,129.0,6.1,8.0,4.0,8.0,0.0,0.0,8.0,8.0,2.0
155,18.84,1.975,164.0,6.3,0.0,0.0,0.0,0.0,0.0,0.0,4.0,1.0
156,18.84,1.986,108.0,6.7,0.0,0.0,0.0,0.0,0.0,0.0,4.0,1.0
157,18.84,2.279,116.0,6.9,0.0,0.0,0.0,4.0,0.0,0.0,4.0,1.0
158,18.84,1.925,139.0,5.9,0.0,0.0,0.0,0.0,0.0,0.0,8.0,1.0
159,18.84,2.078,133.0,5.6,0.0,4.0,0.0,4.0,0.0,4.0,4.0,1.0
160,18.84,2.118,66.0,6.4,0.0,4.0,4.0,0.0,0.0,0.0,4.0,1.0
161,18.84,2.153,165.0,6.1,0.0,4.0,4.0,0.0,0.0,8.0,8.0,2.0
162,18.84,2.305,108.0,6.0,0.0,4.0,0.0,4.0,4.0,0.0,4.0,1.0
163,18.84,1.958,142.0,6.1,0.0,4.0,0.0,4.0,0.0,0.0,4.0,1.0
164,18.84,2.03,57.0,4.8,0.0,0.0,12.0,0.0,12.0,8.0,8.0,2.0
165,21.97,2.05,159.0,5.7,0.0,0.0,4.0,0.0,0.0,0.0,8.0,1.0
166,21.97,1.958,187.0,4.8,0.0,0.0,0.0,0.0,0.0,0.0,4.0,0.0
167,21.97,2.109,156.0,5.2,0.0,4.0,4.0,0.0,0.0,0.0,0.0,1.0
168,21.97,1.861,205.0,4.5,0.0,0.0,4.0,0.0,0.0,0.0,4.0,1.0
169,21.97,1.845,229.0,4.9,0.0,0.0,0.0,0.0,0.0,0.0,0.0,1.0
170,21.97,2.23,183.0,5.3,0.0,0.0,0.0,4.0,0.0,0.0,4.0,1.0
171,21.97,2.251,351.0,5.3,0.0,0.0,0.0,0.0,0.0,0.0,0.0,0.0
172,21.97,2.297,220.0,5.1,0.0,0.0,0.0,0.0,0.0,0.0,0.0,0.0
173,21.97,2.205,169.0,4.9,0.0,0.0,0.0,0.0,0.0,0.0,4.0,1.0
174,21.97,1.895,200.0,5.4,0.0,0.0,0.0,4.0,0.0,0.0,4.0,1.0
175,21.97,1.963,276.0,5.0,0.0,0.0,0.0,0.0,4.0,0.0,8.0,1.0
176,21.97,1.764,414.0,4.7,0.0,0.0,0.0,0.0,0.0,0.0,0.0,0.0
177,21.97,1.904,313.0,5.4,0.0,4.0,0.0,0.0,0.0,0.0,8.0,1.0
178,21.97,2.047,200.0,5.0,0.0,4.0,4.0,4.0,0.0,4.0,8.0,1.0
179,21.97,1.133,168.0,4.0,0.0,4.0,8.0,0.0,4.0,4.0,0.0,1.0
180,19.92,5.918,114.0,4.6,0.0,0.0,0.0,8.0,0.0,0.0,0.0,1.0
181,19.92,1.71,65.0,4.0,0.0,0.0,8.0,0.0,4.0,8.0,4.0,1.0
182,19.92,1.767,386.0,4.7,0.0,0.0,0.0,4.0,4.0,8.0,0.0,1.0
183,19.92,2.749,107.0,5.5,0.0,0.0,0.0,0.0,0.0,0.0,0.0,0.0
184,19.92,3.792,77.0,4.1,0.0,0.0,4.0,0.0,0.0,0.0,0.0,0.0
185,19.92,2.542,83.0,3.8,0.0,0.0,0.0,4.0,0.0,0.0,4.0,1.0
186,19.92,2.0,151.0,4.6,0.0,0.0,0.0,0.0,4.0,0.0,4.0,1.0
187,19.92,1.902,110.0,5.7,0.0,0.0,8.0,0.0,8.0,12.0,12.0,2.0
188,19.92,1.83,82.0,3.0,0.0,0.0,0.0,0.0,4.0,0.0,0.0,0.0
189,19.92,2.62,102.0,4.7,0.0,0.0,0.0,0.0,0.0,0.0,4.0,1.0
190,19.92,2.098,124.0,4.3,0.0,0.0,0.0,0.0,0.0,0.0,0.0,0.0
191,19.92,1.968,116.0,4.2,0.0,0.0,0.0,0.0,0.0,8.0,4.0,1.0
192,19.92,2.4,226.0,5.2,0.0,0.0,0.0,0.0,0.0,0.0,0.0,1.0
193,19.92,1.917,111.0,4.2,0.0,0.0,0.0,0.0,0.0,0.0,0.0,1.0
194,19.92,2.567,94.0,3.4,0.0,0.0,8.0,0.0,0.0,0.0,8.0,1.0
195,19.92,2.022,157.0,6.5,0.0,0.0,0.0,0.0,0.0,8.0,0.0,1.0
196,19.92,2.1,159.0,4.9,4.0,0.0,0.0,0.0,0.0,0.0,4.0,1.0
197,19.92,1.864,207.0,5.4,4.0,0.0,0.0,0.0,0.0,0.0,4.0,1.0
198,19.92,1.98,125.0,5.1,0.0,0.0,0.0,0.0,0.0,0.0,4.0,1.0
199,19.92,1.889,244.0,4.8,0.0,0.0,0.0,0.0,0.0,8.0,4.0,1.0
200,19.92,1.613,148.0,4.0,4.0,0.0,0.0,0.0,0.0,0.0,4.0,1.0
201,19.92,1.771,162.0,5.0,4.0,0.0,0.0,0.0,0.0,0.0,4.0,1.0
202,19.92,1.799,146.0,4.2,4.0,0.0,0.0,0.0,0.0,4.0,0.0,1.0
203,19.92,2.056,112.0,3.8,0.0,0.0,0.0,0.0,0.0,4.0,0.0,1.0
204,19.92,1.766,140.0,5.6,0.0,0.0,0.0,0.0,0.0,0.0,0.0,1.0
205,19.92,1.731,131.0,5.7,4.0,0.0,0.0,0.0,0.0,0.0,8.0,1.0
206,19.92,1.317,128.0,5.5,8.0,0.0,0.0,0.0,0.0,0.0,4.0,1.0
207,19.92,1.883,137.0,7.1,4.0,0.0,0.0,0.0,0.0,0.0,4.0,1.0
208,19.92,1.873,116.0,5.4,4.0,0.0,0.0,0.0,0.0,8.0,8.0,1.0
209,19.92,1.685,92.0,5.5,4.0,0.0,0.0,4.0,0.0,0.0,4.0,1.0
210,21.85,2.093,188.0,5.4,4.0,0.0,0.0,0.0,0.0,8.0,0.0,1.0
211,21.85,1.87,138.0,5.2,8.0,0.0,0.0,0.0,0.0,0.0,0.0,1.0
212,21.85,2.263,162.0,5.5,4.0,0.0,0.0,4.0,0.0,0.0,0.0,1.0
213,21.85,1.985,114.0,4.7,4.0,0.0,0.0,0.0,0.0,0.0,0.0,0.0
214,21.85,2.174,115.0,4.5,0.0,0.0,0.0,0.0,4.0,0.0,0.0,0.0
215,21.85,1.61,126.0,3.1,0.0,0.0,4.0,0.0,4.0,0.0,0.0,1.0
216,21.85,2.221,119.0,4.1,8.0,0.0,0.0,0.0,0.0,4.0,0.0,1.0
217,21.85,1.983,296.0,4.9,8.0,0.0,0.0,0.0,0.0,0.0,0.0,0.0
218,21.85,1.931,149.0,4.7,8.0,0.0,0.0,0.0,0.0,0.0,8.0,1.0
219,21.85,2.582,197.0,4.7,8.0,0.0,0.0,0.0,0.0,0.0,0.0,1.0
220,21.85,2.411,155.0,4.8,8.0,0.0,0.0,0.0,0.0,0.0,4.0,0.0
221,21.85,1.979,150.0,5.3,4.0,0.0,0.0,0.0,0.0,0.0,0.0,1.0
222,21.85,2.365,238.0,5.1,8.0,0.0,0.0,0.0,0.0,0.0,0.0,1.0
223,21.85,2.116,83.0,3.3,4.0,0.0,0.0,0.0,0.0,4.0,0.0,1.0
224,21.85,2.237,157.0,4.7,4.0,0.0,0.0,0.0,0.0,0.0,0.0,1.0
225,22.91,2.275,62.0,4.4,4.0,0.0,0.0,0.0,0.0,0.0,0.0,0.0
226,22.91,1.978,114.0,5.3,0.0,0.0,8.0,0.0,4.0,8.0,4.0,1.0
227,22.91,2.015,119.0,5.3,4.0,0.0,0.0,0.0,0.0,0.0,0.0,0.0
228,22.91,2.296,100.0,4.9,4.0,0.0,0.0,0.0,0.0,0.0,0.0,0.0
229,22.91,2.074,94.0,5.1,4.0,0.0,0.0,0.0,0.0,0.0,0.0,0.0
230,22.91,2.227,73.0,4.6,4.0,0.0,0.0,0.0,0.0,0.0,0.0,0.0
231,22.91,1.911,100.0,5.1,4.0,0.0,0.0,0.0,0.0,0.0,0.0,1.0
232,22.91,2.034,123.0,4.7,0.0,0.0,0.0,0.0,0.0,0.0,0.0,0.0
233,22.91,2.317,66.0,5.3,4.0,0.0,0.0,4.0,0.0,0.0,0.0,1.0
234,22.91,2.426,74.0,5.3,4.0,0.0,0.0,4.0,0.0,0.0,0.0,1.0
235,22.91,2.742,84.0,4.9,4.0,0.0,0.0,0.0,0.0,0.0,0.0,0.0
236,22.91,2.389,68.0,4.9,0.0,0.0,0.0,0.0,0.0,0.0,0.0,1.0
237,22.91,2.392,104.0,5.3,0.0,0.0,0.0,0.0,0.0,0.0,0.0,0.0
238,22.91,1.643,115.0,4.1,0.0,0.0,0.0,0.0,0.0,12.0,0.0,1.0
239,22.91,2.186,93.0,4.8,4.0,0.0,0.0,0.0,0.0,0.0,0.0,0.0
240,19.54,1.823,99.0,4.4,4.0,0.0,4.0,0.0,4.0,4.0,8.0,1.0
241,19.54,2.415,89.0,5.6,4.0,0.0,8.0,0.0,8.0,4.0,4.0,1.0
242,19.54,2.465,128.0,4.7,0.0,0.0,0.0,0.0,4.0,0.0,4.0,0.0
243,19.54,2.101,108.0,5.2,8.0,0.0,12.0,8.0,4.0,0.0,8.0,2.0
244,19.54,3.11,119.0,5.5,0.0,0.0,0.0,0.0,0.0,0.0,0.0,0.0
245,19.54,2.082,54.0,5.5,0.0,0.0,12.0,4.0,8.0,0.0,8.0,1.0
246,19.54,2.31,118.0,4.2,4.0,0.0,0.0,0.0,4.0,0.0,0.0,1.0
247,19.54,2.333,76.0,6.4,4.0,0.0,12.0,0.0,8.0,0.0,8.0,2.0
248,19.54,2.325,62.0,5.9,8.0,0.0,12.0,8.0,8.0,0.0,12.0,2.0
249,19.54,2.319,124.0,4.8,4.0,0.0,0.0,4.0,4.0,0.0,8.0,1.0
250,19.54,2.242,45.0,4.4,0.0,0.0,0.0,0.0,12.0,0.0,0.0,2.0
251,19.54,2.6,49.0,4.8,4.0,0.0,12.0,0.0,0.0,0.0,8.0,2.0
252,19.54,2.095,97.0,3.3,8.0,0.0,8.0,8.0,4.0,4.0,8.0,2.0
253,19.54,2.632,39.0,5.3,0.0,0.0,12.0,0.0,8.0,0.0,8.0,2.0
254,19.54,1.972,46.0,2.9,8.0,0.0,0.0,0.0,4.0,4.0,0.0,1.0
255,19.54,2.263,99.0,4.5,8.0,0.0,8.0,8.0,8.0,0.0,8.0,2.0
256,19.54,1.777,108.0,3.4,8.0,0.0,12.0,8.0,12.0,0.0,12.0,2.0
257,19.54,2.216,107.0,5.1,8.0,0.0,12.0,8.0,4.0,0.0,8.0,2.0
258,19.54,2.148,53.0,5.4,0.0,0.0,12.0,4.0,8.0,0.0,8.0,1.0
259,19.54,2.259,96.0,3.2,8.0,0.0,0.0,0.0,4.0,4.0,0.0,1.0
260,19.54,3.017,40.0,5.3,8.0,0.0,8.0,8.0,8.0,0.0,8.0,2.0
261,19.54,2.179,50.0,2.8,8.0,0.0,12.0,8.0,12.0,0.0,12.0,2.0
262,20.11,2.409,166.0,4.0,4.0,0.0,4.0,0.0,0.0,0.0,4.0,1.0
263,20.11,2.609,109.0,4.7,4.0,0.0,8.0,0.0,0.0,8.0,4.0,1.0
264,20.11,2.523,142.0,4.9,4.0,0.0,0.0,0.0,0.0,0.0,8.0,1.0
265,20.11,2.367,121.0,4.4,0.0,0.0,8.0,8.0,0.0,8.0,8.0,2.0
266,20.11,1.967,132.0,4.4,0.0,0.0,0.0,0.0,4.0,8.0,4.0,1.0
267,20.11,2.069,118.0,3.8,4.0,0.0,0.0,0.0,0.0,12.0,4.0,2.0
268,20.11,2.004,99.0,3.3,8.0,0.0,0.0,0.0,8.0,0.0,4.0,1.0
269,20.11,2.759,185.0,5.5,8.0,0.0,4.0,0.0,0.0,8.0,8.0,2.0
270,20.11,2.724,113.0,6.2,0.0,0.0,0.0,0.0,0.0,0.0,8.0,2.0
271,20.11,2.223,152.0,4.0,8.0,0.0,0.0,4.0,8.0,8.0,8.0,2.0
272,20.11,2.252,131.0,4.2,8.0,0.0,4.0,8.0,0.0,8.0,8.0,2.0
273,20.11,4.335,142.0,5.9,4.0,0.0,0.0,0.0,0.0,0.0,8.0,1.0
274,20.11,2.607,193.0,6.4,0.0,0.0,0.0,4.0,0.0,0.0,8.0,1.0
275,20.11,2.457,209.0,4.5,0.0,0.0,0.0,4.0,0.0,0.0,4.0,1.0
276,20.11,2.468,117.0,5.9,4.0,0.0,0.0,0.0,0.0,0.0,8.0,1.0
277,25.96,1.79,180.0,6.5,4.0,0.0,0.0,4.0,0.0,0.0,4.0,1.0
278,25.96,1.729,149.0,4.5,0.0,0.0,0.0,0.0,0.0,0.0,4.0,0.0
279,25.96,1.834,183.0,6.0,0.0,0.0,0.0,0.0,0.0,0.0,8.0,1.0
280,25.96,1.912,143.0,6.4,4.0,0.0,0.0,0.0,0.0,4.0,4.0,1.0
281,25.96,1.95,137.0,6.6,4.0,0.0,0.0,8.0,0.0,4.0,4.0,2.0
282,25.96,1.584,173.0,5.3,4.0,0.0,0.0,8.0,0.0,4.0,4.0,1.0
283,25.96,1.872,164.0,6.6,4.0,0.0,0.0,0.0,0.0,8.0,4.0,1.0
284,25.96,1.715,159.0,6.6,8.0,0.0,0.0,8.0,0.0,0.0,4.0,1.0
285,25.96,1.701,137.0,7.2,0.0,0.0,0.0,0.0,0.0,0.0,4.0,1.0
286,25.96,1.877,146.0,7.7,4.0,0.0,0.0,0.0,0.0,0.0,0.0,1.0
287,25.96,2.064,185.0,7.1,0.0,0.0,0.0,4.0,0.0,4.0,8.0,1.0
288,25.96,1.806,97.0,5.7,4.0,0.0,0.0,4.0,0.0,0.0,4.0,1.0
289,25.96,1.907,170.0,6.8,4.0,0.0,0.0,4.0,0.0,0.0,8.0,1.0
290,25.96,1.746,234.0,6.2,4.0,0.0,0.0,4.0,0.0,0.0,8.0,1.0
291,25.96,1.722,158.0,6.4,0.0,0.0,0.0,0.0,0.0,0.0,4.0,1.0
292,25.96,1.544,177.0,5.2,4.0,0.0,0.0,8.0,0.0,4.0,4.0,1.0
293,25.96,1.828,145.0,7.7,4.0,0.0,0.0,0.0,0.0,0.0,0.0,0.0
294,25.96,2.101,180.0,7.2,0.0,0.0,0.0,4.0,0.0,4.0,8.0,1.0
295,25.96,1.804,172.0,6.7,4.0,0.0,0.0,4.0,0.0,0.0,8.0,1.0
296,27.15,2.098,143.0,5.0,0.0,0.0,0.0,8.0,0.0,0.0,8.0,1.0
297,27.15,2.022,153.0,5.3,0.0,0.0,0.0,4.0,0.0,0.0,0.0,0.0
298,27.15,2.667,181.0,5.2,8.0,0.0,0.0,4.0,0.0,0.0,4.0,1.0
299,27.15,2.106,181.0,5.5,0.0,0.0,0.0,0.0,0.0,0.0,0.0,0.0
300,27.15,2.185,143.0,6.0,0.0,0.0,0.0,4.0,0.0,0.0,0.0,0.0
301,27.15,2.019,260.0,6.2,4.0,0.0,0.0,0.0,0.0,0.0,0.0,1.0
302,27.15,1.915,167.0,6.4,0.0,0.0,0.0,8.0,0.0,0.0,4.0,1.0
303,27.15,2.19,209.0,6.6,0.0,0.0,0.0,4.0,0.0,0.0,0.0,0.0
304,27.15,2.0,169.0,7.1,0.0,0.0,0.0,0.0,0.0,0.0,4.0,1.0
305,27.15,2.149,197.0,7.3,0.0,0.0,0.0,0.0,0.0,0.0,4.0,1.0
306,27.15,2.103,192.0,6.6,0.0,0.0,0.0,4.0,0.0,0.0,0.0,1.0
307,27.15,1.682,201.0,6.4,8.0,0.0,0.0,8.0,0.0,0.0,0.0,1.0
308,27.15,1.715,200.0,6.8,4.0,0.0,0.0,8.0,0.0,0.0,0.0,1.0
309,27.15,1.645,200.0,7.0,8.0,0.0,0.0,8.0,0.0,0.0,4.0,1.0
310,27.15,1.649,156.0,6.3,0.0,0.0,0.0,0.0,0.0,0.0,0.0,0.0
311,27.15,2.131,180.0,5.4,0.0,0.0,0.0,0.0,0.0,0.0,0.0,0.0
312,27.15,1.983,263.0,6.2,4.0,0.0,0.0,0.0,0.0,0.0,0.0,0.0
313,27.15,1.915,168.0,6.3,0.0,0.0,0.0,8.0,0.0,0.0,4.0,1.0
314,27.15,2.089,195.0,6.7,0.0,0.0,0.0,4.0,0.0,0.0,0.0,0.0
315,27.15,1.701,203.0,6.9,4.0,0.0,0.0,8.0,0.0,0.0,0.0,1.0
316,21.7,1.936,189.0,6.2,0.0,0.0,8.0,8.0,0.0,0.0,8.0,2.0
317,21.7,1.75,155.0,6.0,8.0,0.0,0.0,4.0,0.0,0.0,0.0,1.0
318,21.7,1.32,84.0,5.6,0.0,0.0,8.0,0.0,0.0,0.0,0.0,2.0
319,21.7,1.455,172.0,5.3,4.0,0.0,8.0,0.0,0.0,0.0,8.0,1.0
320,21.7,1.37,87.0,4.5,0.0,0.0,8.0,0.0,4.0,8.0,8.0,2.0
321,21.7,1.685,130.0,5.3,0.0,0.0,4.0,0.0,0.0,0.0,0.0,0.0
322,21.7,1.427,79.0,5.2,4.0,0.0,12.0,0.0,12.0,0.0,8.0,2.0
323,21.7,1.152,102.0,3.2,0.0,0.0,8.0,8.0,12.0,8.0,12.0,2.0
324,21.7,1.439,145.0,4.9,8.0,0.0,4.0,0.0,8.0,0.0,0.0,1.0
325,21.7,1.639,154.0,5.7,4.0,0.0,0.0,0.0,0.0,0.0,0.0,1.0
326,21.7,1.485,124.0,5.3,4.0,0.0,4.0,0.0,0.0,0.0,0.0,1.0
327,21.7,1.651,109.0,6.0,8.0,0.0,0.0,0.0,0.0,0.0,0.0,1.0
328,21.7,1.6,102.0,5.2,8.0,0.0,12.0,0.0,4.0,0.0,4.0,2.0
329,21.7,1.394,98.0,5.4,4.0,0.0,8.0,0.0,4.0,0.0,0.0,2.0
330,21.7,1.288,76.0,5.0,4.0,0.0,8.0,0.0,8.0,8.0,4.0,2.0
331,21.7,1.177,58.0,5.6,0.0,0.0,0.0,4.0,8.0,4.0,0.0,2.0
332,21.7,1.42,132.0,6.1,0.0,0.0,8.0,0.0,4.0,4.0,0.0,1.0
333,21.7,1.315,75.0,6.1,4.0,0.0,8.0,8.0,8.0,0.0,8.0,2.0
334,21.7,1.559,111.0,4.5,0.0,0.0,8.0,0.0,4.0,0.0,4.0,1.0
335,21.7,1.162,95.0,4.9,0.0,0.0,8.0,0.0,8.0,0.0,0.0,1.0
336,21.7,1.158,89.0,5.3,0.0,0.0,4.0,0.0,8.0,0.0,0.0,1.0
337,21.7,1.582,103.0,5.8,0.0,0.0,0.0,0.0,12.0,8.0,0.0,2.0
338,21.7,2.249,68.0,5.4,0.0,0.0,0.0,0.0,0.0,0.0,0.0,1.0
339,21.7,1.251,88.0,5.5,4.0,0.0,4.0,0.0,8.0,8.0,0.0,2.0
340,21.7,1.199,305.0,5.9,4.0,0.0,8.0,0.0,0.0,0.0,8.0,1.0
341,21.7,2.26,120.0,5.6,4.0,0.0,12.0,0.0,8.0,4.0,8.0,2.0
342,21.7,0.968,106.0,5.6,0.0,0.0,8.0,0.0,12.0,0.0,8.0,2.0
343,21.7,1.157,97.0,6.0,4.0,0.0,4.0,0.0,8.0,0.0,0.0,2.0
344,21.7,1.414,93.0,5.0,0.0,0.0,8.0,4.0,8.0,0.0,4.0,2.0
345,21.7,1.104,72.0,4.6,0.0,0.0,8.0,0.0,8.0,8.0,8.0,2.0
346,21.5,1.333,87.0,5.2,12.0,12.0,8.0,8.0,8.0,0.0,8.0,2.0
347,21.5,1.453,142.0,4.3,12.0,12.0,12.0,12.0,8.0,0.0,8.0,2.0
348,21.5,1.271,163.0,4.8,12.0,12.0,12.0,4.0,8.0,0.0,8.0,2.0
349,21.5,1.348,75.0,4.5,12.0,12.0,12.0,0.0,8.0,0.0,8.0,2.0
350,21.5,1.448,129.0,5.1,12.0,12.0,8.0,0.0,12.0,0.0,8.0,2.0
351,21.5,1.475,56.0,5.3,8.0,8.0,8.0,8.0,8.0,0.0,8.0,2.0
352,21.5,1.247,178.0,5.0,12.0,8.0,8.0,0.0,12.0,0.0,8.0,2.0
353,21.5,1.015,103.0,5.7,0.0,8.0,8.0,8.0,8.0,8.0,12.0,2.0
354,21.5,1.507,192.0,6.8,8.0,12.0,12.0,0.0,8.0,8.0,8.0,2.0
355,21.5,1.453,186.0,4.8,8.0,0.0,4.0,4.0,8.0,12.0,4.0,2.0
356,21.5,1.39,74.0,4.2,0.0,12.0,12.0,0.0,12.0,0.0,12.0,2.0
357,21.5,1.4,169.0,4.1,0.0,12.0,12.0,0.0,8.0,0.0,8.0,2.0
358,21.5,1.248,85.0,5.0,0.0,8.0,4.0,0.0,0.0,12.0,4.0,2.0
359,21.5,1.357,94.0,4.6,8.0,0.0,8.0,8.0,4.0,0.0,4.0,2.0
360,21.5,1.327,79.0,4.5,0.0,0.0,8.0,0.0,8.0,0.0,8.0,2.0
361,21.5,1.494,196.0,5.0,0.0,12.0,12.0,0.0,12.0,8.0,12.0,2.0
362,21.5,1.651,140.0,4.4,0.0,8.0,0.0,0.0,8.0,8.0,4.0,2.0
363,21.5,1.463,96.0,3.2,0.0,4.0,4.0,0.0,8.0,0.0,0.0,1.0
364,21.5,1.352,109.0,5.7,8.0,4.0,12.0,8.0,8.0,0.0,12.0,2.0
365,21.5,1.302,123.0,5.2,0.0,8.0,12.0,0.0,12.0,0.0,8.0,2.0
366,21.5,1.409,104.0,5.3,8.0,0.0,0.0,4.0,0.0,12.0,4.0,2.0
367,21.5,1.311,97.0,2.7,0.0,8.0,8.0,0.0,0.0,12.0,4.0,2.0
368,21.5,1.935,75.0,4.3,0.0,8.0,0.0,0.0,0.0,8.0,8.0,1.0
369,21.5,1.458,116.0,4.3,0.0,8.0,4.0,0.0,8.0,8.0,8.0,2.0
370,21.5,1.648,228.0,5.0,0.0,4.0,0.0,0.0,0.0,8.0,8.0,1.0
371,21.5,1.752,120.0,6.0,0.0,4.0,0.0,0.0,0.0,0.0,0.0,1.0
372,21.5,1.393,51.0,3.3,0.0,4.0,0.0,0.0,0.0,0.0,0.0,1.0
373,21.5,1.397,77.0,4.4,4.0,0.0,0.0,0.0,0.0,0.0,4.0,1.0
374,21.5,1.538,91.0,5.0,8.0,8.0,8.0,0.0,4.0,0.0,8.0,1.0
375,21.5,1.623,68.0,4.5,0.0,0.0,12.0,0.0,0.0,8.0,8.0,2.0
376,21.3,1.528,63.0,5.6,0.0,8.0,8.0,8.0,8.0,12.0,4.0,2.0
377,21.3,1.987,215.0,6.6,0.0,4.0,4.0,0.0,0.0,0.0,4.0,1.0
378,21.3,2.469,101.0,6.1,0.0,4.0,4.0,0.0,0.0,0.0,4.0,1.0
379,21.3,1.855,149.0,5.3,0.0,4.0,0.0,0.0,0.0,8.0,8.0,1.0
380,21.3,1.648,171.0,6.3,4.0,0.0,8.0,0.0,0.0,8.0,8.0,2.0
381,21.3,1.71,146.0,6.2,0.0,0.0,4.0,0.0,0.0,8.0,4.0,1.0
382,21.3,1.576,211.0,6.4,0.0,0.0,0.0,0.0,0.0,8.0,0.0,1.0
383,21.3,2.287,127.0,5.6,0.0,0.0,0.0,0.0,0.0,0.0,8.0,2.0
384,21.3,2.011,136.0,5.9,0.0,0.0,0.0,0.0,0.0,8.0,4.0,2.0
385,21.3,2.102,131.0,7.0,0.0,8.0,8.0,0.0,0.0,8.0,4.0,2.0
386,21.3,2.365,136.0,5.4,0.0,8.0,0.0,0.0,0.0,0.0,4.0,1.0
387,21.3,1.943,150.0,5.5,0.0,4.0,0.0,0.0,0.0,8.0,4.0,1.0
388,21.3,2.107,205.0,6.5,0.0,0.0,8.0,0.0,0.0,0.0,0.0,1.0
389,21.3,1.974,143.0,5.7,0.0,0.0,0.0,0.0,0.0,8.0,4.0,1.0
390,21.3,2.131,188.0,5.8,0.0,4.0,0.0,0.0,0.0,8.0,0.0,1.0
391,21.8,1.91,166.0,5.2,0.0,0.0,4.0,4.0,0.0,0.0,0.0,1.0
392,21.8,1.845,125.0,5.6,0.0,0.0,0.0,0.0,0.0,0.0,0.0,0.0
393,21.8,1.641,125.0,5.9,0.0,4.0,0.0,0.0,0.0,0.0,0.0,0.0
394,21.8,1.694,72.0,5.5,0.0,4.0,0.0,0.0,0.0,0.0,0.0,0.0
395,21.8,2.072,100.0,5.3,0.0,0.0,0.0,0.0,0.0,0.0,0.0,0.0
396,21.8,1.901,100.0,6.1,0.0,0.0,0.0,8.0,0.0,0.0,0.0,0.0
397,21.8,1.855,137.0,5.8,0.0,4.0,4.0,0.0,0.0,0.0,0.0,0.0
398,21.8,1.445,122.0,5.4,0.0,4.0,0.0,0.0,4.0,8.0,0.0,1.0
399,21.8,2.368,123.0,5.5,4.0,0.0,0.0,0.0,0.0,0.0,0.0,0.0
400,21.8,1.969,91.0,4.3,0.0,0.0,0.0,0.0,0.0,0.0,0.0,0.0
401,21.8,1.717,90.0,5.0,0.0,4.0,0.0,0.0,0.0,0.0,0.0,0.0
402,21.8,2.011,81.0,5.4,0.0,0.0,0.0,0.0,0.0,0.0,0.0,1.0
403,21.8,1.837,85.0,5.3,0.0,8.0,4.0,0.0,0.0,0.0,0.0,1.0
404,21.8,1.977,99.0,5.3,0.0,4.0,0.0,0.0,0.0,0.0,4.0,1.0
405,21.8,1.889,79.0,5.7,0.0,4.0,0.0,0.0,0.0,0.0,0.0,1.0
406,21.8,2.573,131.0,3.8,4.0,0.0,0.0,0.0,8.0,4.0,0.0,1.0
407,21.8,1.176,149.0,3.0,4.0,0.0,8.0,0.0,8.0,0.0,0.0,1.0
408,21.8,1.404,104.0,3.0,0.0,0.0,4.0,0.0,8.0,0.0,0.0,1.0
409,21.8,1.21,126.0,4.3,0.0,0.0,8.0,0.0,4.0,0.0,0.0,1.0
410,21.8,2.052,105.0,4.1,0.0,4.0,12.0,4.0,4.0,0.0,4.0,1.0
411,21.8,1.417,220.0,4.3,0.0,0.0,8.0,0.0,0.0,0.0,4.0,1.0
412,21.8,1.577,152.0,4.4,0.0,0.0,8.0,4.0,4.0,0.0,8.0,1.0
413,21.8,1.079,91.0,2.5,0.0,0.0,4.0,0.0,0.0,0.0,4.0,1.0
414,21.8,1.176,105.0,2.7,0.0,4.0,8.0,4.0,8.0,0.0,0.0,1.0
415,21.8,1.096,149.0,3.8,4.0,4.0,4.0,0.0,8.0,0.0,0.0,1.0
416,21.8,1.094,81.0,2.6,4.0,0.0,8.0,0.0,8.0,0.0,0.0,1.0
417,21.8,1.104,61.0,3.8,0.0,0.0,8.0,0.0,8.0,0.0,0.0,1.0
418,21.8,1.436,159.0,4.7,0.0,0.0,4.0,4.0,0.0,0.0,0.0,1.0
419,21.8,0.973,111.0,3.5,4.0,0.0,8.0,4.0,8.0,0.0,0.0,1.0
420,21.8,1.004,65.0,2.4,0.0,4.0,8.0,0.0,8.0,0.0,0.0,1.0
421,21.8,1.039,103.0,2.6,0.0,4.0,8.0,8.0,0.0,0.0,0.0,1.0
422,21.8,1.039,94.0,3.8,0.0,0.0,8.0,0.0,8.0,0.0,0.0,0.0
423,20.6,1.462,121.0,3.2,0.0,4.0,0.0,0.0,8.0,8.0,4.0,1.0
424,20.6,1.296,110.0,2.5,0.0,4.0,8.0,0.0,8.0,0.0,0.0,1.0
425,20.6,1.465,201.0,3.6,0.0,0.0,0.0,8.0,4.0,0.0,0.0,1.0
426,20.6,1.265,156.0,3.2,0.0,0.0,4.0,0.0,8.0,0.0,0.0,1.0
427,20.6,1.188,124.0,2.7,0.0,0.0,8.0,0.0,8.0,0.0,0.0,1.0
428,20.6,1.442,90.0,4.0,0.0,0.0,8.0,0.0,8.0,0.0,0.0,0.0
429,20.6,1.727,87.0,3.8,0.0,0.0,0.0,0.0,0.0,0.0,4.0,0.0
430,20.6,1.222,83.0,2.7,0.0,8.0,4.0,4.0,8.0,0.0,0.0,1.0
431,20.6,1.487,106.0,4.9,0.0,0.0,0.0,0.0,0.0,0.0,0.0,0.0
432,20.6,1.185,83.0,2.0,0.0,0.0,8.0,0.0,8.0,8.0,0.0,1.0
433,20.6,1.176,68.0,2.0,0.0,8.0,12.0,0.0,8.0,0.0,0.0,2.0
434,20.6,1.182,118.0,3.4,4.0,4.0,4.0,0.0,8.0,0.0,0.0,1.0
435,20.6,1.338,78.0,2.9,4.0,4.0,4.0,0.0,8.0,4.0,0.0,1.0
436,20.6,1.139,98.0,2.0,4.0,0.0,4.0,0.0,8.0,4.0,0.0,1.0
437,20.6,1.946,89.0,2.7,0.0,4.0,0.0,0.0,4.0,8.0,0.0,1.0
438,20.6,1.592,88.0,2.5,0.0,4.0,0.0,0.0,8.0,8.0,0.0,1.0
439,20.6,1.35,92.0,4.7,0.0,0.0,0.0,0.0,0.0,0.0,0.0,0.0
440,20.9,2.107,97.0,4.3,0.0,0.0,0.0,0.0,0.0,0.0,0.0,0.0
441,20.9,1.968,167.0,5.5,0.0,0.0,0.0,0.0,0.0,8.0,0.0,1.0
442,20.9,3.248,156.0,2.0,0.0,4.0,0.0,0.0,0.0,8.0,0.0,2.0
443,20.9,3.673,218.0,4.4,0.0,4.0,0.0,4.0,0.0,0.0,0.0,1.0
444,20.9,3.54,164.0,5.1,0.0,0.0,0.0,0.0,0.0,0.0,0.0,1.0
445,20.9,2.902,188.0,5.7,0.0,0.0,0.0,0.0,0.0,0.0,0.0,1.0
446,20.9,4.014,162.0,5.6,0.0,0.0,0.0,0.0,0.0,0.0,0.0,0.0
447,20.9,3.371,94.0,4.7,0.0,0.0,4.0,0.0,0.0,8.0,0.0,1.0
448,20.9,3.274,175.0,3.1,0.0,4.0,0.0,0.0,0.0,12.0,0.0,1.0
449,20.9,3.685,139.0,6.6,0.0,0.0,4.0,8.0,0.0,0.0,0.0,2.0
450,20.9,3.203,168.0,2.0,0.0,4.0,0.0,0.0,0.0,0.0,0.0,0.0
451,20.9,2.701,148.0,4.6,4.0,0.0,0.0,0.0,0.0,4.0,0.0,1.0
452,20.9,3.035,146.0,6.2,0.0,0.0,0.0,0.0,0.0,0.0,0.0,1.0
453,20.9,3.927,115.0,2.7,0.0,0.0,0.0,0.0,0.0,0.0,4.0,1.0
454,20.9,3.216,118.0,2.4,4.0,0.0,4.0,0.0,0.0,12.0,0.0,2.0
455,21.2,2.182,121.0,2.6,0.0,0.0,0.0,0.0,0.0,0.0,0.0,0.0
456,21.2,1.848,134.0,4.1,0.0,0.0,0.0,0.0,0.0,0.0,0.0,0.0
457,21.2,2.318,145.0,3.8,0.0,0.0,0.0,0.0,0.0,0.0,0.0,0.0
458,21.2,2.262,104.0,5.3,0.0,0.0,0.0,0.0,0.0,0.0,0.0,0.0
459,21.2,2.115,98.0,6.0,0.0,0.0,0.0,0.0,0.0,0.0,0.0,0.0
460,21.2,1.898,45.0,2.0,0.0,0.0,12.0,8.0,8.0,8.0,12.0,2.0
461,21.2,1.994,94.0,2.0,0.0,0.0,0.0,0.0,0.0,0.0,0.0,0.0
462,21.2,1.997,120.0,3.0,0.0,0.0,0.0,0.0,0.0,0.0,0.0,0.0
463,21.2,2.262,99.0,3.7,0.0,0.0,4.0,0.0,0.0,0.0,4.0,1.0
464,21.2,2.004,113.0,2.0,0.0,0.0,0.0,0.0,0.0,0.0,4.0,0.0
465,21.2,2.363,133.0,6.7,0.0,0.0,0.0,0.0,0.0,0.0,0.0,0.0
466,21.2,2.424,84.0,3.4,4.0,0.0,0.0,0.0,0.0,0.0,0.0,0.0
467,21.2,2.086,100.0,5.8,0.0,8.0,0.0,0.0,0.0,0.0,0.0,1.0
468,21.2,2.127,114.0,4.9,4.0,0.0,0.0,0.0,0.0,0.0,0.0,0.0
469,21.2,2.346,87.0,4.8,0.0,4.0,0.0,0.0,0.0,0.0,0.0,0.0
470,17.5,2.076,245.0,4.1,0.0,0.0,4.0,8.0,4.0,4.0,8.0,2.0
471,17.5,1.827,92.0,5.4,4.0,0.0,0.0,12.0,4.0,4.0,4.0,1.0
472,17.5,1.697,144.0,4.5,4.0,0.0,4.0,12.0,4.0,0.0,4.0,2.0
473,17.5,2.321,117.0,4.8,0.0,0.0,0.0,4.0,0.0,8.0,4.0,1.0
474,17.5,2.009,134.0,4.5,0.0,0.0,0.0,4.0,12.0,8.0,8.0,1.0
475,17.5,2.281,251.0,4.5,0.0,0.0,0.0,4.0,0.0,0.0,4.0,1.0
476,17.5,1.663,155.0,5.4,4.0,4.0,4.0,0.0,8.0,12.0,12.0,2.0
477,17.5,2.298,330.0,4.6,4.0,4.0,0.0,4.0,0.0,0.0,4.0,1.0
478,17.5,1.773,117.0,5.3,0.0,0.0,0.0,8.0,4.0,8.0,12.0,2.0
479,17.5,2.289,87.0,4.3,4.0,0.0,0.0,8.0,12.0,8.0,8.0,2.0
480,17.5,2.112,122.0,5.0,4.0,0.0,0.0,8.0,8.0,8.0,8.0,2.0
481,17.5,1.981,180.0,3.9,4.0,4.0,4.0,8.0,8.0,8.0,8.0,2.0
482,17.5,2.276,117.0,4.9,0.0,0.0,0.0,12.0,4.0,8.0,4.0,2.0
483,17.5,1.877,130.0,3.2,0.0,0.0,0.0,8.0,4.0,12.0,0.0,1.0
484,17.5,2.205,472.0,4.7,4.0,0.0,0.0,12.0,12.0,8.0,12.0,2.0
485,17.5,2.203,250.0,5.3,0.0,0.0,0.0,12.0,8.0,0.0,8.0,1.0
486,17.5,2.324,166.0,5.1,0.0,0.0,0.0,4.0,0.0,8.0,4.0,1.0
487,17.5,2.237,207.0,4.7,0.0,4.0,4.0,8.0,0.0,8.0,0.0,1.0
488,17.5,2.338,226.0,5.1,0.0,0.0,0.0,0.0,0.0,0.0,0.0,0.0
489,17.5,1.803,506.0,3.7,4.0,0.0,0.0,0.0,8.0,4.0,8.0,1.0
490,17.5,1.859,286.0,4.2,8.0,8.0,0.0,12.0,0.0,0.0,0.0,1.0
491,17.5,1.698,216.0,3.3,8.0,0.0,0.0,12.0,4.0,0.0,4.0,1.0
492,17.5,1.69,87.0,2.9,0.0,0.0,12.0,8.0,12.0,8.0,8.0,2.0
493,17.5,2.23,262.0,4.6,0.0,0.0,0.0,12.0,0.0,0.0,12.0,1.0
494,17.5,1.92,454.0,3.5,4.0,4.0,0.0,12.0,4.0,0.0,12.0,1.0
495,17.5,1.907,695.0,4.1,0.0,0.0,0.0,12.0,4.0,0.0,8.0,1.0
496,17.5,1.929,346.0,3.6,4.0,4.0,0.0,8.0,8.0,4.0,4.0,1.0
497,17.5,2.204,265.0,3.9,0.0,0.0,0.0,12.0,0.0,0.0,0.0,1.0
498,17.5,2.153,102.0,3.5,0.0,4.0,4.0,8.0,0.0,0.0,0.0,0.0
499,17.5,1.688,543.0,3.9,0.0,4.0,0.0,12.0,4.0,0.0,4.0,1.0
500,17.5,1.701,344.0,4.7,0.0,4.0,0.0,12.0,0.0,0.0,8.0,1.0
501,17.5,1.582,163.0,4.3,4.0,0.0,0.0,4.0,0.0,0.0,0.0,1.0
502,17.5,1.533,170.0,3.0,4.0,4.0,8.0,4.0,4.0,4.0,0.0,2.0
503,17.5,2.043,198.0,3.4,8.0,4.0,0.0,0.0,0.0,4.0,8.0,2.0
504,17.5,1.719,292.0,3.2,0.0,0.0,0.0,8.0,0.0,0.0,0.0,1.0
505,17.5,1.789,183.0,4.1,4.0,4.0,0.0,4.0,0.0,0.0,0.0,1.0
506,16.5,1.702,307.0,4.7,0.0,0.0,4.0,8.0,0.0,0.0,8.0,1.0
507,16.5,2.059,901.0,4.6,0.0,0.0,8.0,0.0,4.0,4.0,8.0,1.0
508,16.5,1.885,305.0,5.0,0.0,0.0,4.0,4.0,0.0,4.0,4.0,1.0
509,16.5,2.891,239.0,4.8,0.0,0.0,4.0,4.0,0.0,4.0,0.0,1.0
510,16.5,2.146,710.0,4.8,0.0,0.0,0.0,4.0,0.0,0.0,4.0,1.0
511,16.5,2.16,137.0,4.8,0.0,0.0,0.0,0.0,4.0,0.0,0.0,0.0
512,16.5,1.697,450.0,4.8,0.0,0.0,4.0,8.0,4.0,0.0,12.0,1.0
513,16.5,2.479,245.0,4.5,0.0,0.0,0.0,0.0,0.0,0.0,4.0,1.0
514,16.5,1.854,775.0,5.4,0.0,0.0,0.0,8.0,0.0,0.0,8.0,1.0
515,16.5,2.148,264.0,4.7,0.0,0.0,0.0,4.0,0.0,0.0,4.0,1.0
516,16.5,2.167,479.0,5.1,0.0,0.0,0.0,8.0,0.0,0.0,12.0,1.0
517,16.5,2.009,470.0,4.9,4.0,0.0,0.0,8.0,0.0,0.0,4.0,1.0
518,16.5,1.887,302.0,4.5,0.0,0.0,8.0,12.0,8.0,0.0,8.0,2.0
519,16.5,2.072,124.0,2.4,0.0,0.0,4.0,4.0,0.0,0.0,4.0,1.0
520,16.5,1.989,584.0,4.7,0.0,0.0,0.0,0.0,0.0,0.0,0.0,0.0
521,16.5,1.937,575.0,3.9,0.0,0.0,0.0,4.0,4.0,4.0,12.0,1.0
522,16.5,2.345,289.0,4.3,8.0,4.0,0.0,4.0,4.0,4.0,4.0,1.0
523,16.5,1.948,483.0,5.3,0.0,4.0,8.0,4.0,0.0,0.0,0.0,1.0
524,16.5,1.908,122.0,3.5,8.0,8.0,8.0,12.0,4.0,4.0,0.0,2.0
525,16.5,1.805,102.0,3.8,4.0,4.0,0.0,0.0,4.0,0.0,4.0,2.0
526,16.5,1.615,134.0,3.6,0.0,0.0,8.0,4.0,8.0,8.0,0.0,2.0
527,16.5,1.737,83.0,3.3,0.0,0.0,4.0,4.0,4.0,4.0,0.0,1.0
528,16.5,1.854,84.0,3.2,8.0,4.0,8.0,8.0,0.0,4.0,4.0,2.0
529,16.5,1.729,90.0,2.7,0.0,0.0,8.0,0.0,4.0,8.0,0.0,2.0
530,16.5,1.688,122.0,3.6,4.0,0.0,8.0,8.0,4.0,4.0,0.0,1.0
531,16.5,1.651,102.0,3.0,4.0,0.0,8.0,4.0,8.0,8.0,8.0,1.0
532,16.5,1.704,80.0,3.2,4.0,0.0,8.0,8.0,4.0,8.0,0.0,2.0
533,16.5,2.08,68.0,3.3,8.0,4.0,4.0,0.0,4.0,0.0,0.0,1.0
534,16.5,1.816,95.0,3.0,4.0,4.0,4.0,8.0,4.0,0.0,8.0,2.0
535,16.5,1.959,130.0,3.6,8.0,0.0,4.0,0.0,4.0,0.0,0.0,1.0
536,16.5,1.649,114.0,3.2,4.0,0.0,8.0,8.0,8.0,0.0,8.0,2.0
537,16.5,1.723,105.0,3.3,4.0,0.0,8.0,12.0,0.0,0.0,8.0,2.0
538,16.5,2.037,89.0,3.1,8.0,4.0,8.0,8.0,0.0,4.0,4.0,2.0
539,16.5,2.04,96.0,3.4,8.0,4.0,4.0,8.0,4.0,8.0,4.0,2.0
540,16.5,1.669,86.0,3.5,4.0,0.0,8.0,12.0,4.0,0.0,4.0,2.0
541,16.5,1.578,84.0,2.8,4.0,0.0,4.0,12.0,0.0,0.0,12.0,2.0
542,15.4,1.648,186.0,3.7,0.0,0.0,0.0,0.0,4.0,8.0,0.0,1.0
543,15.4,1.548,130.0,3.8,0.0,0.0,0.0,4.0,4.0,8.0,0.0,1.0
544,15.4,1.439,245.0,3.4,4.0,4.0,0.0,12.0,8.0,8.0,0.0,1.0
545,15.4,1.689,152.0,4.7,0.0,4.0,0.0,8.0,4.0,8.0,0.0,1.0
546,15.4,1.625,167.0,4.0,4.0,0.0,4.0,12.0,8.0,8.0,0.0,2.0
547,15.4,1.399,187.0,4.1,8.0,4.0,4.0,4.0,12.0,8.0,0.0,2.0
548,15.4,1.474,140.0,3.6,0.0,4.0,4.0,8.0,8.0,12.0,0.0,2.0
549,15.4,1.42,112.0,3.4,8.0,0.0,8.0,8.0,12.0,12.0,0.0,2.0
550,15.4,1.417,86.0,3.5,8.0,4.0,4.0,4.0,0.0,12.0,0.0,1.0
551,15.4,1.308,111.0,3.4,0.0,0.0,8.0,8.0,12.0,8.0,0.0,2.0
552,15.4,1.759,108.0,4.3,0.0,0.0,0.0,4.0,0.0,0.0,12.0,1.0
553,15.4,1.326,260.0,4.4,0.0,0.0,0.0,0.0,0.0,8.0,0.0,0.0
554,15.4,1.179,233.0,4.3,4.0,0.0,0.0,8.0,4.0,4.0,4.0,1.0
555,15.4,1.774,206.0,4.1,0.0,0.0,8.0,8.0,0.0,0.0,4.0,1.0
556,15.4,1.39,235.0,4.5,4.0,0.0,0.0,4.0,4.0,0.0,0.0,1.0
557,15.4,1.393,67.0,3.0,4.0,0.0,8.0,0.0,12.0,12.0,0.0,2.0
558,15.4,1.394,228.0,3.1,0.0,0.0,0.0,0.0,12.0,8.0,0.0,1.0
559,15.4,1.431,89.0,2.6,0.0,0.0,8.0,8.0,12.0,12.0,4.0,2.0
560,18.0,1.604,59.0,1.1,8.0,12.0,12.0,8.0,4.0,4.0,4.0,2.0
561,18.0,1.641,51.0,3.4,0.0,0.0,12.0,12.0,8.0,0.0,8.0,2.0
562,18.0,1.47,40.0,2.5,4.0,12.0,12.0,0.0,8.0,8.0,4.0,2.0
563,18.0,1.424,86.0,2.0,4.0,12.0,12.0,8.0,4.0,8.0,8.0,2.0
564,18.0,1.339,129.0,2.6,8.0,12.0,12.0,12.0,0.0,0.0,12.0,2.0
565,18.0,1.148,94.0,2.2,0.0,0.0,0.0,4.0,8.0,4.0,12.0,1.0
566,18.0,1.638,59.0,3.3,0.0,0.0,12.0,12.0,0.0,8.0,12.0,2.0
567,18.0,1.348,80.0,3.1,0.0,4.0,4.0,4.0,4.0,8.0,8.0,2.0
568,18.0,1.355,100.0,3.6,8.0,4.0,12.0,8.0,8.0,4.0,4.0,2.0
569,18.0,1.247,114.0,3.6,0.0,4.0,0.0,4.0,8.0,8.0,0.0,1.0
570,18.0,1.406,36.0,3.4,4.0,4.0,8.0,4.0,12.0,4.0,4.0,2.0
571,18.0,1.64,54.0,3.3,8.0,12.0,0.0,0.0,4.0,4.0,12.0,2.0
572,18.0,1.641,55.0,2.4,0.0,8.0,4.0,0.0,0.0,12.0,0.0,2.0
573,18.0,1.101,2.0,1.4,4.0,8.0,0.0,0.0,12.0,4.0,0.0,1.0
574,18.0,1.428,75.0,2.1,4.0,12.0,8.0,12.0,0.0,8.0,8.0,2.0
575,18.0,1.378,106.0,4.6,0.0,0.0,12.0,12.0,8.0,0.0,12.0,2.0
576,18.0,1.484,50.0,5.4,0.0,12.0,12.0,8.0,8.0,8.0,12.0,2.0
577,18.0,1.204,102.0,4.2,0.0,8.0,12.0,4.0,0.0,4.0,12.0,2.0
578,18.5,1.165,121.0,2.5,0.0,0.0,12.0,4.0,12.0,0.0,4.0,2.0
579,18.5,1.503,102.0,3.3,0.0,0.0,8.0,8.0,0.0,12.0,0.0,1.0
580,18.5,1.291,161.0,2.9,0.0,0.0,8.0,4.0,8.0,0.0,4.0,1.0
581,18.5,1.121,51.0,3.3,8.0,0.0,12.0,8.0,0.0,4.0,8.0,2.0
582,18.5,1.656,71.0,2.7,0.0,0.0,12.0,4.0,4.0,8.0,4.0,2.0
583,18.5,1.593,99.0,3.4,4.0,0.0,8.0,0.0,4.0,8.0,0.0,1.0
584,18.5,1.725,89.0,4.7,4.0,4.0,8.0,8.0,0.0,4.0,4.0,1.0
585,18.5,1.734,269.0,3.6,0.0,0.0,8.0,12.0,0.0,4.0,0.0,1.0
586,18.5,1.387,49.0,2.9,0.0,0.0,12.0,0.0,8.0,8.0,4.0,2.0
587,18.5,1.602,85.0,3.5,0.0,4.0,8.0,8.0,4.0,8.0,12.0,2.0
588,18.5,1.452,60.0,3.3,0.0,0.0,8.0,0.0,4.0,4.0,0.0,1.0
589,18.5,1.315,84.0,2.5,0.0,0.0,12.0,4.0,4.0,12.0,8.0,2.0
590,18.5,1.475,87.0,2.6,0.0,4.0,8.0,0.0,4.0,12.0,0.0,2.0
591,18.5,1.269,87.0,2.4,8.0,4.0,8.0,0.0,4.0,8.0,12.0,2.0
592,18.5,1.55,140.0,3.3,0.0,0.0,8.0,8.0,0.0,8.0,0.0,1.0
593,18.5,1.86,130.0,4.3,0.0,0.0,0.0,0.0,0.0,0.0,4.0,0.0
594,18.5,1.512,247.0,3.1,0.0,0.0,0.0,0.0,4.0,4.0,8.0,1.0
595,18.5,1.884,95.0,3.6,4.0,0.0,4.0,0.0,0.0,12.0,4.0,1.0
596,18.3,1.863,228.0,5.7,4.0,0.0,0.0,12.0,0.0,0.0,8.0,1.0
597,18.3,1.775,216.0,5.8,0.0,0.0,4.0,4.0,0.0,0.0,0.0,1.0
598,18.3,2.341,126.0,5.1,0.0,4.0,4.0,0.0,0.0,0.0,0.0,0.0
599,18.3,1.884,332.0,5.5,4.0,0.0,0.0,4.0,0.0,0.0,0.0,1.0
600,18.3,1.738,161.0,4.4,0.0,0.0,8.0,4.0,0.0,0.0,4.0,1.0
601,18.3,1.872,84.0,4.5,8.0,8.0,12.0,8.0,4.0,4.0,8.0,2.0
602,18.3,1.857,313.0,5.5,4.0,0.0,0.0,4.0,4.0,4.0,4.0,1.0
603,18.3,1.952,431.0,5.8,4.0,0.0,0.0,4.0,0.0,0.0,0.0,0.0
604,18.3,2.387,204.0,5.6,4.0,12.0,0.0,8.0,0.0,0.0,4.0,2.0
605,18.3,2.392,316.0,5.7,8.0,8.0,4.0,0.0,0.0,8.0,0.0,2.0
606,18.3,1.672,215.0,6.2,0.0,0.0,0.0,4.0,0.0,0.0,8.0,1.0
607,18.3,1.842,292.0,5.5,4.0,0.0,0.0,8.0,0.0,0.0,8.0,1.0
608,18.3,1.7,179.0,5.3,8.0,8.0,8.0,4.0,0.0,0.0,0.0,2.0
609,18.3,1.831,234.0,5.9,4.0,8.0,4.0,8.0,0.0,0.0,0.0,2.0
610,18.3,1.731,148.0,4.6,4.0,4.0,8.0,8.0,4.0,8.0,4.0,2.0
611,18.3,1.767,406.0,5.6,0.0,0.0,0.0,4.0,0.0,0.0,0.0,0.0
612,18.3,1.835,170.0,5.0,4.0,0.0,0.0,0.0,0.0,0.0,4.0,1.0
613,18.3,1.712,245.0,5.5,0.0,4.0,0.0,4.0,0.0,0.0,8.0,2.0
614,18.0,1.465,125.0,4.0,0.0,0.0,4.0,4.0,4.0,8.0,12.0,1.0
615,18.0,1.418,153.0,4.9,0.0,0.0,8.0,4.0,0.0,8.0,8.0,1.0
616,18.0,1.619,145.0,5.4,0.0,0.0,8.0,12.0,0.0,0.0,0.0,1.0
617,18.0,1.295,286.0,4.0,8.0,8.0,8.0,0.0,0.0,12.0,8.0,2.0
618,18.0,1.514,75.0,3.5,0.0,0.0,8.0,4.0,4.0,8.0,8.0,1.0
619,18.0,1.611,137.0,5.2,4.0,4.0,12.0,4.0,0.0,8.0,12.0,2.0
620,18.0,1.532,152.0,3.7,0.0,0.0,0.0,12.0,4.0,4.0,12.0,1.0
621,18.0,1.433,233.0,6.0,0.0,0.0,0.0,0.0,0.0,4.0,12.0,1.0
622,18.0,1.701,251.0,6.1,0.0,0.0,12.0,4.0,4.0,4.0,12.0,1.0
623,18.0,1.554,255.0,5.9,4.0,0.0,12.0,4.0,0.0,0.0,12.0,1.0
624,18.0,1.426,221.0,3.3,0.0,0.0,4.0,8.0,0.0,12.0,8.0,2.0
625,18.0,1.509,224.0,4.1,4.0,0.0,8.0,0.0,0.0,12.0,4.0,1.0
626,18.0,1.664,344.0,5.4,0.0,0.0,4.0,8.0,0.0,0.0,8.0,1.0
627,18.0,1.478,346.0,6.4,0.0,0.0,0.0,8.0,0.0,0.0,8.0,1.0
628,18.0,1.682,133.0,5.4,0.0,0.0,8.0,4.0,4.0,4.0,12.0,1.0
629,18.0,1.531,121.0,4.5,0.0,0.0,4.0,4.0,0.0,12.0,12.0,1.0
630,18.0,1.611,182.0,5.4,0.0,0.0,12.0,0.0,8.0,8.0,8.0,2.0
631,18.0,1.458,345.0,6.1,4.0,0.0,0.0,8.0,0.0,12.0,8.0,1.0
632,18.0,1.683,216.0,5.1,0.0,0.0,8.0,4.0,0.0,0.0,8.0,1.0
633,18.0,1.441,288.0,4.3,0.0,4.0,0.0,12.0,4.0,12.0,8.0,2.0
634,18.0,1.747,237.0,6.0,0.0,0.0,0.0,12.0,0.0,0.0,12.0,1.0
635,18.0,1.828,149.0,7.4,0.0,0.0,8.0,4.0,4.0,12.0,12.0,2.0
636,18.0,1.667,345.0,6.9,4.0,0.0,0.0,8.0,4.0,0.0,8.0,1.0
637,18.0,2.752,115.0,6.1,4.0,0.0,12.0,12.0,8.0,12.0,12.0,2.0
638,18.0,1.862,222.0,6.2,0.0,0.0,0.0,8.0,0.0,0.0,8.0,1.0
639,18.0,1.474,262.0,4.0,4.0,0.0,0.0,4.0,4.0,12.0,4.0,1.0
640,18.0,1.685,313.0,5.8,0.0,0.0,4.0,0.0,0.0,0.0,0.0,0.0
641,18.0,1.665,141.0,7.4,4.0,4.0,12.0,12.0,0.0,8.0,12.0,2.0
642,18.0,1.821,251.0,5.8,0.0,0.0,4.0,8.0,0.0,0.0,12.0,1.0
643,18.0,1.786,46.0,2.4,0.0,4.0,12.0,4.0,0.0,4.0,8.0,2.0
644,18.0,1.365,257.0,4.0,4.0,0.0,4.0,4.0,0.0,12.0,8.0,2.0
645,18.0,1.453,231.0,4.4,8.0,0.0,0.0,4.0,0.0,12.0,4.0,2.0
646,18.0,1.143,151.0,3.3,0.0,4.0,8.0,4.0,12.0,8.0,12.0,2.0
647,18.0,1.636,335.0,5.1,0.0,0.0,0.0,0.0,0.0,0.0,8.0,1.0
648,18.0,1.606,253.0,4.5,0.0,0.0,0.0,8.0,4.0,8.0,12.0,1.0
649,18.0,1.478,219.0,5.1,4.0,0.0,0.0,4.0,0.0,12.0,8.0,2.0
650,26.6,2.471,339.0,5.1,0.0,0.0,4.0,4.0,0.0,4.0,0.0,0.0
651,26.6,1.716,530.0,5.9,0.0,0.0,0.0,0.0,0.0,0.0,0.0,0.0
652,26.6,2.098,326.0,4.8,0.0,0.0,12.0,0.0,0.0,0.0,0.0,0.0
653,26.6,2.13,277.0,5.4,0.0,0.0,4.0,0.0,0.0,0.0,0.0,0.0
654,26.6,2.259,510.0,4.9,0.0,0.0,4.0,0.0,0.0,0.0,0.0,1.0
655,26.6,2.44,366.0,4.6,0.0,0.0,4.0,0.0,0.0,0.0,0.0,1.0
656,26.6,2.184,271.0,4.9,0.0,0.0,4.0,4.0,0.0,0.0,0.0,0.0
657,26.6,2.05,520.0,4.5,0.0,0.0,0.0,0.0,0.0,0.0,0.0,0.0
658,26.6,2.097,432.0,5.4,0.0,0.0,4.0,0.0,0.0,0.0,0.0,0.0
659,26.6,2.354,330.0,4.8,0.0,0.0,4.0,0.0,0.0,0.0,0.0,0.0
660,26.6,1.996,504.0,3.7,0.0,0.0,4.0,0.0,0.0,4.0,0.0,1.0
661,26.6,2.116,187.0,7.6,0.0,0.0,4.0,0.0,0.0,0.0,0.0,0.0
662,26.6,2.168,335.0,4.7,0.0,0.0,4.0,4.0,0.0,0.0,0.0,0.0
663,26.6,2.193,337.0,4.5,0.0,0.0,0.0,0.0,0.0,0.0,0.0,0.0
664,26.6,2.353,436.0,4.6,0.0,0.0,4.0,0.0,0.0,0.0,0.0,0.0
665,26.6,1.807,440.0,7.4,0.0,0.0,0.0,0.0,0.0,0.0,0.0,0.0
666,26.6,2.243,417.0,4.4,0.0,0.0,4.0,0.0,0.0,0.0,0.0,1.0
667,26.6,2.098,372.0,4.0,0.0,0.0,0.0,0.0,0.0,0.0,0.0,0.0
668,26.6,2.072,99.0,1.9,0.0,0.0,4.0,4.0,0.0,0.0,8.0,1.0
669,26.6,2.372,294.0,4.0,0.0,0.0,0.0,0.0,0.0,0.0,4.0,0.0
670,24.2,2.766,391.0,6.7,0.0,0.0,0.0,0.0,0.0,0.0,8.0,0.0
671,24.2,2.534,482.0,7.2,0.0,0.0,0.0,0.0,0.0,4.0,4.0,1.0
672,24.2,2.606,420.0,8.1,0.0,0.0,0.0,0.0,4.0,4.0,8.0,1.0
673,24.2,2.73,477.0,7.3,0.0,0.0,0.0,0.0,0.0,0.0,8.0,1.0
674,24.2,2.896,417.0,7.0,0.0,4.0,0.0,4.0,0.0,0.0,0.0,0.0
675,24.2,2.368,395.0,10.0,0.0,0.0,0.0,4.0,0.0,0.0,4.0,0.0
676,24.2,2.719,324.0,6.7,0.0,0.0,0.0,0.0,0.0,0.0,0.0,0.0
677,24.2,2.525,452.0,7.7,0.0,0.0,0.0,0.0,0.0,4.0,8.0,1.0
678,24.2,2.384,510.0,7.6,0.0,0.0,0.0,4.0,0.0,0.0,8.0,0.0
679,24.2,2.47,226.0,8.7,0.0,4.0,0.0,8.0,0.0,4.0,4.0,2.0
680,24.2,2.446,426.0,9.9,0.0,0.0,0.0,0.0,0.0,0.0,0.0,0.0
681,24.2,3.089,466.0,9.2,0.0,0.0,0.0,4.0,0.0,8.0,4.0,0.0
682,24.2,2.443,467.0,9.4,0.0,0.0,0.0,0.0,0.0,0.0,4.0,0.0
683,24.2,2.349,344.0,9.1,0.0,0.0,4.0,4.0,0.0,0.0,4.0,1.0
684,24.2,2.398,324.0,8.9,0.0,0.0,4.0,0.0,0.0,4.0,0.0,0.0
685,24.2,2.426,562.0,10.1,0.0,0.0,0.0,0.0,0.0,0.0,0.0,0.0
686,24.2,2.416,487.0,11.0,0.0,0.0,0.0,0.0,0.0,0.0,4.0,0.0
687,24.2,2.256,480.0,7.9,0.0,0.0,0.0,0.0,4.0,0.0,0.0,0.0
688,24.3,2.415,229.0,5.0,0.0,0.0,0.0,4.0,0.0,0.0,8.0,1.0
689,24.3,2.238,419.0,6.3,0.0,0.0,0.0,4.0,0.0,4.0,4.0,0.0
690,24.3,2.311,1164.0,6.2,0.0,0.0,4.0,4.0,0.0,0.0,0.0,0.0
691,24.3,2.362,427.0,8.0,0.0,0.0,0.0,4.0,0.0,0.0,8.0,1.0
692,24.3,2.699,224.0,5.5,0.0,0.0,0.0,0.0,0.0,0.0,8.0,0.0
693,24.3,2.367,297.0,5.2,0.0,0.0,4.0,0.0,0.0,4.0,4.0,0.0
694,24.3,2.447,1015.0,2.1,0.0,0.0,0.0,0.0,0.0,0.0,8.0,0.0
695,24.3,2.422,210.0,4.5,0.0,0.0,4.0,0.0,0.0,4.0,0.0,0.0
696,24.3,2.163,226.0,4.9,0.0,0.0,0.0,0.0,0.0,4.0,0.0,0.0
697,24.3,2.455,211.0,4.4,0.0,0.0,0.0,0.0,0.0,0.0,0.0,0.0
698,24.3,2.425,93.0,3.4,0.0,0.0,4.0,0.0,0.0,8.0,4.0,1.0
699,24.3,2.449,304.0,6.3,0.0,0.0,0.0,4.0,4.0,4.0,4.0,1.0
700,24.3,2.181,372.0,5.8,0.0,0.0,0.0,4.0,0.0,4.0,12.0,1.0
701,24.3,2.456,179.0,7.8,0.0,0.0,8.0,4.0,0.0,4.0,4.0,1.0
702,24.3,2.733,450.0,5.3,0.0,0.0,0.0,0.0,0.0,4.0,4.0,1.0
703,24.3,2.346,345.0,6.4,0.0,0.0,4.0,0.0,0.0,0.0,8.0,0.0
704,24.3,2.277,423.0,6.8,0.0,0.0,0.0,4.0,0.0,4.0,8.0,1.0
705,24.3,2.537,196.0,7.6,0.0,0.0,0.0,0.0,0.0,4.0,0.0,0.0
706,24.0,1.899,213.0,8.0,0.0,0.0,0.0,0.0,0.0,0.0,0.0,0.0
707,24.0,2.53,269.0,9.7,0.0,0.0,0.0,0.0,0.0,0.0,0.0,0.0
708,24.0,2.111,231.0,3.8,0.0,0.0,4.0,4.0,0.0,0.0,4.0,1.0
709,24.0,2.175,170.0,7.7,0.0,0.0,8.0,0.0,0.0,0.0,4.0,1.0
710,24.0,2.497,165.0,5.8,0.0,0.0,0.0,0.0,0.0,0.0,0.0,0.0
711,24.0,2.176,188.0,5.1,0.0,0.0,4.0,4.0,0.0,0.0,8.0,1.0
712,24.0,2.159,150.0,2.4,0.0,0.0,8.0,4.0,4.0,4.0,4.0,2.0
713,24.0,2.324,179.0,5.4,0.0,0.0,0.0,0.0,0.0,0.0,0.0,0.0
714,24.0,2.242,137.0,4.7,0.0,0.0,4.0,0.0,0.0,4.0,0.0,1.0
715,24.0,2.197,188.0,5.0,0.0,0.0,4.0,4.0,0.0,0.0,0.0,0.0
716,24.0,2.291,179.0,6.0,0.0,0.0,0.0,0.0,0.0,0.0,4.0,0.0
717,24.0,2.128,185.0,5.6,0.0,0.0,0.0,0.0,0.0,0.0,4.0,0.0
718,24.0,2.155,165.0,4.9,0.0,0.0,4.0,0.0,4.0,0.0,4.0,1.0
719,24.0,2.193,315.0,5.2,0.0,0.0,0.0,0.0,0.0,0.0,4.0,0.0
720,24.0,2.215,190.0,5.2,0.0,0.0,0.0,4.0,0.0,0.0,0.0,1.0
721,24.0,2.307,206.0,4.8,0.0,0.0,4.0,0.0,0.0,0.0,0.0,1.0
722,24.0,2.255,185.0,3.8,0.0,0.0,4.0,4.0,0.0,0.0,4.0,0.0
723,24.0,2.092,321.0,3.8,0.0,0.0,0.0,0.0,0.0,0.0,8.0,1.0
724,24.6,3.439,359.0,6.0,0.0,0.0,0.0,4.0,0.0,8.0,0.0,1.0
725,24.6,3.3,348.0,6.7,0.0,0.0,0.0,8.0,0.0,0.0,4.0,1.0
726,24.6,3.485,479.0,6.5,0.0,0.0,0.0,0.0,0.0,0.0,0.0,0.0
727,24.6,3.497,408.0,6.6,0.0,0.0,0.0,0.0,0.0,0.0,12.0,1.0
728,24.6,3.629,429.0,5.5,0.0,0.0,4.0,0.0,0.0,4.0,8.0,1.0
729,24.6,3.243,360.0,7.0,0.0,0.0,0.0,8.0,0.0,4.0,0.0,1.0
730,24.6,2.924,342.0,6.8,0.0,0.0,0.0,0.0,0.0,0.0,0.0,0.0
731,24.6,3.708,337.0,5.5,0.0,0.0,4.0,0.0,0.0,4.0,8.0,1.0
732,24.6,3.117,357.0,6.9,0.0,0.0,0.0,0.0,0.0,4.0,8.0,1.0
733,24.6,3.407,251.0,7.7,0.0,0.0,0.0,0.0,0.0,0.0,4.0,0.0
734,24.6,3.25,332.0,7.2,0.0,0.0,4.0,4.0,0.0,0.0,8.0,1.0
735,24.6,3.059,331.0,6.9,0.0,0.0,0.0,0.0,0.0,0.0,0.0,0.0
736,24.6,2.752,335.0,7.1,0.0,0.0,0.0,0.0,0.0,0.0,0.0,0.0
737,24.6,3.196,344.0,6.4,0.0,0.0,0.0,0.0,0.0,4.0,8.0,0.0
738,24.6,3.36,454.0,6.1,0.0,0.0,0.0,4.0,0.0,0.0,4.0,1.0
739,24.6,3.38,384.0,5.3,0.0,0.0,0.0,0.0,0.0,4.0,0.0,0.0
740,24.6,3.365,367.0,5.8,0.0,0.0,0.0,4.0,4.0,8.0,4.0,1.0
741,24.6,3.228,378.0,5.6,0.0,0.0,8.0,8.0,0.0,4.0,4.0,1.0
742,24.9,2.599,553.0,6.4,0.0,0.0,0.0,0.0,0.0,0.0,12.0,0.0
743,24.9,2.637,887.0,6.2,0.0,0.0,4.0,4.0,0.0,0.0,8.0,1.0
744,24.9,2.524,284.0,7.7,0.0,0.0,4.0,0.0,0.0,0.0,8.0,0.0
745,24.9,2.309,434.0,8.1,0.0,0.0,0.0,12.0,0.0,0.0,12.0,1.0
746,24.9,2.769,937.0,5.5,0.0,0.0,0.0,8.0,0.0,0.0,8.0,0.0
747,24.9,3.2,487.0,6.6,0.0,0.0,0.0,8.0,0.0,4.0,4.0,1.0
748,24.9,2.622,703.0,6.4,0.0,0.0,0.0,0.0,0.0,0.0,8.0,0.0
749,24.9,2.39,822.0,7.1,4.0,0.0,8.0,4.0,0.0,0.0,0.0,1.0
750,24.9,2.422,254.0,7.2,0.0,0.0,0.0,8.0,0.0,0.0,8.0,1.0
751,24.9,2.195,332.0,8.8,0.0,0.0,0.0,8.0,0.0,0.0,12.0,1.0
752,24.9,2.603,347.0,8.8,0.0,0.0,0.0,0.0,0.0,0.0,8.0,0.0
753,24.9,2.484,594.0,4.4,0.0,0.0,0.0,0.0,0.0,0.0,4.0,0.0
754,24.9,2.75,408.0,9.2,0.0,0.0,0.0,0.0,0.0,0.0,8.0,0.0
755,24.9,2.708,554.0,8.5,0.0,0.0,0.0,4.0,0.0,0.0,8.0,0.0
756,24.9,2.182,291.0,5.6,0.0,0.0,4.0,8.0,0.0,0.0,4.0,1.0
757,24.9,2.672,490.0,5.4,4.0,0.0,8.0,8.0,0.0,0.0,0.0,1.0
758,24.9,2.354,780.0,5.2,0.0,0.0,4.0,4.0,0.0,0.0,4.0,1.0
759,24.9,2.645,670.0,5.9,0.0,0.0,0.0,0.0,0.0,0.0,8.0,0.0
760,21.9,2.276,308.0,6.4,0.0,0.0,0.0,4.0,0.0,0.0,0.0,0.0
761,21.9,2.712,353.0,6.0,0.0,4.0,0.0,0.0,0.0,0.0,4.0,0.0
762,21.9,1.463,291.0,5.4,0.0,0.0,0.0,4.0,0.0,0.0,12.0,1.0
763,21.9,1.759,309.0,7.2,0.0,0.0,0.0,0.0,4.0,0.0,0.0,0.0
764,21.9,4.085,274.0,8.0,0.0,0.0,4.0,0.0,0.0,0.0,8.0,1.0
765,21.9,2.179,246.0,6.5,4.0,4.0,4.0,0.0,0.0,4.0,4.0,1.0
766,21.9,2.333,383.0,9.5,0.0,0.0,0.0,0.0,0.0,0.0,4.0,0.0
767,21.9,2.073,654.0,10.8,0.0,0.0,0.0,8.0,0.0,0.0,4.0,1.0
768,21.9,1.862,325.0,7.7,0.0,0.0,0.0,4.0,0.0,0.0,0.0,0.0
769,21.9,2.098,392.0,5.5,0.0,0.0,0.0,0.0,0.0,0.0,4.0,0.0
770,21.9,2.732,249.0,5.8,0.0,0.0,8.0,0.0,0.0,0.0,0.0,0.0
771,21.9,2.068,678.0,6.2,0.0,0.0,0.0,0.0,0.0,0.0,0.0,0.0
772,21.9,2.308,318.0,6.4,0.0,0.0,0.0,0.0,0.0,0.0,0.0,0.0
773,21.9,2.405,299.0,6.8,0.0,0.0,0.0,0.0,0.0,4.0,4.0,0.0
774,21.9,2.107,179.0,6.1,0.0,0.0,0.0,12.0,0.0,0.0,0.0,0.0
775,21.9,2.323,1089.0,10.9,0.0,0.0,0.0,0.0,0.0,4.0,8.0,1.0
776,21.9,2.215,246.0,5.3,0.0,0.0,0.0,0.0,0.0,4.0,0.0,0.0
777,21.9,2.366,328.0,7.1,0.0,0.0,4.0,0.0,0.0,4.0,4.0,1.0
778,21.5,1.959,169.0,6.2,8.0,8.0,8.0,4.0,0.0,8.0,0.0,1.0
779,21.5,2.299,152.0,4.2,4.0,8.0,8.0,0.0,8.0,8.0,0.0,1.0
780,21.5,2.227,343.0,7.1,8.0,8.0,4.0,4.0,0.0,0.0,4.0,1.0
781,21.5,1.888,223.0,5.8,0.0,8.0,8.0,0.0,0.0,12.0,0.0,2.0
782,21.5,2.036,219.0,5.2,4.0,12.0,0.0,0.0,0.0,8.0,0.0,1.0
783,21.5,2.014,226.0,5.9,0.0,8.0,0.0,0.0,0.0,4.0,0.0,0.0
784,21.5,2.277,172.0,6.2,4.0,8.0,8.0,4.0,0.0,0.0,0.0,2.0
785,21.5,2.233,289.0,6.4,8.0,4.0,0.0,0.0,0.0,4.0,0.0,1.0
786,21.5,2.328,104.0,4.9,4.0,0.0,0.0,0.0,0.0,8.0,0.0,0.0
787,21.5,2.161,193.0,3.7,0.0,8.0,4.0,4.0,4.0,0.0,0.0,1.0
788,21.5,2.181,258.0,5.6,0.0,0.0,4.0,0.0,0.0,0.0,0.0,0.0
789,21.5,1.927,151.0,7.2,0.0,0.0,12.0,0.0,0.0,8.0,4.0,1.0
790,21.5,2.252,332.0,5.3,0.0,0.0,0.0,0.0,0.0,0.0,0.0,0.0
791,21.5,2.088,233.0,4.9,0.0,0.0,4.0,0.0,8.0,8.0,0.0,1.0
792,21.5,2.218,196.0,6.2,4.0,4.0,4.0,4.0,8.0,8.0,4.0,2.0
793,21.5,2.152,138.0,5.4,4.0,4.0,0.0,0.0,4.0,4.0,0.0,1.0
794,21.5,2.37,216.0,5.8,0.0,4.0,0.0,0.0,0.0,0.0,0.0,1.0
795,21.5,2.134,128.0,5.2,0.0,4.0,0.0,0.0,4.0,8.0,0.0,1.0
796,22.1,2.12,170.0,6.1,0.0,8.0,4.0,0.0,0.0,0.0,4.0,1.0
797,22.1,3.269,158.0,5.4,4.0,4.0,0.0,4.0,0.0,0.0,0.0,1.0
798,22.1,2.003,214.0,6.1,0.0,0.0,4.0,4.0,0.0,8.0,0.0,1.0
799,22.1,1.993,216.0,4.7,4.0,4.0,0.0,8.0,4.0,4.0,0.0,2.0
800,22.1,2.335,159.0,4.5,0.0,4.0,4.0,4.0,0.0,0.0,4.0,1.0
801,22.1,2.248,286.0,5.1,0.0,0.0,8.0,4.0,0.0,0.0,0.0,0.0
802,22.1,1.904,147.0,5.1,0.0,0.0,4.0,4.0,0.0,0.0,8.0,1.0
803,22.1,2.151,732.0,6.4,0.0,0.0,0.0,0.0,4.0,0.0,8.0,1.0
804,22.1,1.928,238.0,5.6,0.0,0.0,0.0,0.0,4.0,4.0,0.0,1.0
805,22.1,2.079,484.0,9.2,0.0,0.0,4.0,8.0,4.0,0.0,8.0,1.0
806,22.1,1.82,284.0,5.2,0.0,0.0,8.0,0.0,4.0,0.0,0.0,1.0
807,22.1,2.129,258.0,5.0,0.0,0.0,0.0,4.0,0.0,0.0,12.0,1.0
808,22.1,1.955,251.0,6.1,0.0,0.0,8.0,4.0,4.0,4.0,0.0,1.0
809,22.1,2.079,139.0,5.0,0.0,0.0,0.0,8.0,4.0,0.0,0.0,1.0
810,22.1,1.937,148.0,6.3,4.0,0.0,4.0,8.0,4.0,0.0,0.0,1.0
811,22.1,2.088,351.0,7.6,0.0,0.0,0.0,0.0,4.0,0.0,8.0,1.0
812,22.1,3.161,552.0,8.0,0.0,0.0,0.0,4.0,0.0,0.0,4.0,1.0
813,22.1,3.01,248.0,7.5,0.0,8.0,0.0,0.0,4.0,8.0,0.0,1.0
814,22.3,1.717,184.0,3.0,0.0,8.0,0.0,0.0,12.0,4.0,4.0,1.0
815,22.3,2.091,239.0,4.1,0.0,8.0,12.0,0.0,0.0,8.0,4.0,1.0
816,22.3,1.962,386.0,4.2,0.0,0.0,0.0,0.0,4.0,8.0,0.0,1.0
817,22.3,2.03,303.0,5.4,0.0,0.0,4.0,0.0,4.0,12.0,0.0,1.0
818,22.3,1.988,300.0,4.9,0.0,0.0,4.0,4.0,4.0,8.0,4.0,2.0
819,22.3,2.206,415.0,6.0,0.0,8.0,0.0,4.0,0.0,0.0,0.0,1.0
820,22.3,2.224,246.0,8.9,0.0,0.0,0.0,0.0,0.0,0.0,4.0,0.0
821,22.3,2.539,262.0,4.9,0.0,0.0,8.0,0.0,0.0,8.0,0.0,1.0
822,22.3,1.934,165.0,4.3,0.0,0.0,0.0,4.0,0.0,4.0,0.0,1.0
823,22.3,1.65,76.0,3.9,0.0,0.0,8.0,8.0,12.0,8.0,4.0,2.0
824,22.3,1.992,252.0,5.4,0.0,0.0,8.0,4.0,0.0,4.0,4.0,1.0
825,22.3,1.927,77.0,3.3,0.0,0.0,12.0,0.0,8.0,4.0,8.0,1.0
826,22.3,2.053,295.0,7.4,0.0,0.0,12.0,0.0,0.0,8.0,0.0,2.0
827,22.3,1.796,276.0,6.1,0.0,0.0,0.0,0.0,0.0,0.0,4.0,0.0
828,22.3,1.821,204.0,5.7,0.0,0.0,8.0,0.0,0.0,8.0,0.0,1.0
829,22.3,1.865,258.0,11.0,0.0,0.0,8.0,4.0,8.0,8.0,8.0,2.0
830,22.3,2.101,217.0,5.6,0.0,0.0,4.0,0.0,0.0,0.0,4.0,0.0
831,22.3,1.892,95.0,2.8,0.0,0.0,8.0,4.0,8.0,8.0,4.0,1.0
832,23.4,2.003,85.0,4.5,0.0,0.0,12.0,0.0,4.0,4.0,8.0,1.0
833,23.4,2.001,158.0,6.0,0.0,0.0,4.0,0.0,0.0,8.0,4.0,1.0
834,23.4,2.023,178.0,3.5,0.0,0.0,0.0,0.0,8.0,8.0,4.0,1.0
835,23.4,1.656,155.0,3.6,0.0,0.0,4.0,0.0,4.0,8.0,8.0,1.0
836,23.4,1.964,233.0,2.9,0.0,0.0,0.0,0.0,4.0,8.0,8.0,1.0
837,23.4,2.017,263.0,9.2,0.0,0.0,4.0,0.0,8.0,8.0,0.0,1.0
838,23.4,2.082,175.0,2.7,0.0,0.0,4.0,0.0,4.0,8.0,0.0,1.0
839,23.4,1.841,176.0,4.2,0.0,0.0,0.0,8.0,4.0,12.0,4.0,1.0
840,23.4,1.821,171.0,7.4,0.0,0.0,0.0,0.0,4.0,8.0,8.0,1.0
841,23.4,2.083,207.0,4.5,0.0,4.0,0.0,4.0,4.0,12.0,4.0,1.0
842,23.4,1.73,98.0,2.2,0.0,0.0,12.0,0.0,8.0,12.0,0.0,1.0
843,23.4,1.863,199.0,3.2,0.0,0.0,8.0,0.0,8.0,12.0,0.0,1.0
844,23.4,1.757,121.0,4.4,0.0,8.0,8.0,0.0,8.0,12.0,0.0,2.0
845,23.4,1.93,186.0,6.3,0.0,0.0,8.0,4.0,4.0,8.0,0.0,1.0
846,23.4,1.855,191.0,4.7,0.0,0.0,8.0,0.0,0.0,12.0,4.0,1.0
847,23.4,1.861,258.0,5.6,0.0,0.0,0.0,0.0,8.0,8.0,0.0,0.0
848,23.4,1.726,138.0,3.6,0.0,0.0,8.0,4.0,4.0,12.0,0.0,1.0
849,23.4,1.909,159.0,5.0,0.0,0.0,4.0,4.0,4.0,8.0,0.0,1.0
850,24.1,1.782,286.0,5.0,0.0,0.0,0.0,8.0,0.0,0.0,0.0,0.0
851,24.1,1.694,353.0,5.0,0.0,0.0,0.0,0.0,0.0,0.0,4.0,0.0
852,24.1,1.706,306.0,5.2,0.0,0.0,0.0,8.0,0.0,0.0,0.0,0.0
853,24.1,1.705,513.0,5.2,0.0,0.0,0.0,8.0,4.0,4.0,0.0,1.0
854,24.1,1.692,306.0,6.8,0.0,0.0,0.0,8.0,0.0,4.0,4.0,1.0
855,24.1,1.842,302.0,6.0,0.0,0.0,0.0,8.0,0.0,4.0,0.0,0.0
856,24.1,1.816,283.0,5.7,0.0,0.0,0.0,8.0,0.0,0.0,4.0,0.0
857,24.1,1.871,316.0,5.9,0.0,0.0,4.0,4.0,0.0,0.0,4.0,1.0
858,24.1,1.732,761.0,6.4,0.0,0.0,0.0,4.0,4.0,0.0,0.0,0.0
859,24.1,1.806,499.0,6.0,0.0,0.0,4.0,12.0,0.0,0.0,4.0,1.0
860,24.1,1.888,287.0,5.3,0.0,0.0,4.0,4.0,4.0,4.0,0.0,1.0
861,24.1,1.908,310.0,4.8,0.0,0.0,4.0,4.0,4.0,4.0,4.0,1.0
862,24.1,1.89,480.0,5.2,0.0,0.0,0.0,8.0,0.0,4.0,0.0,0.0
863,24.1,2.012,444.0,6.0,0.0,4.0,0.0,8.0,0.0,0.0,0.0,1.0
864,24.1,2.14,380.0,5.1,0.0,0.0,4.0,8.0,0.0,0.0,0.0,0.0
865,24.1,2.041,349.0,5.4,0.0,4.0,4.0,0.0,0.0,4.0,8.0,1.0
866,24.1,1.953,306.0,5.8,0.0,0.0,4.0,8.0,0.0,0.0,4.0,1.0
867,24.1,1.959,304.0,5.1,0.0,0.0,4.0,4.0,0.0,0.0,8.0,1.0
868,24.1,1.877,169.0,6.6,0.0,0.0,0.0,4.0,0.0,0.0,8.0,1.0
869,24.1,1.854,239.0,5.3,0.0,4.0,4.0,0.0,0.0,0.0,4.0,1.0
870,22.8,2.31,378.0,7.4,0.0,0.0,0.0,0.0,0.0,0.0,8.0,0.0
871,22.8,2.321,342.0,6.8,0.0,0.0,0.0,4.0,0.0,0.0,8.0,0.0
872,22.8,2.018,376.0,8.4,0.0,0.0,4.0,0.0,0.0,0.0,8.0,1.0
873,22.8,2.045,377.0,6.9,0.0,0.0,4.0,0.0,0.0,0.0,8.0,1.0
874,22.8,2.356,408.0,7.9,0.0,0.0,4.0,0.0,0.0,0.0,8.0,1.0
875,22.8,2.159,533.0,5.1,0.0,0.0,4.0,0.0,8.0,4.0,4.0,0.0
876,22.8,2.12,341.0,6.5,0.0,0.0,4.0,0.0,4.0,4.0,4.0,1.0
877,22.8,2.115,353.0,7.4,0.0,0.0,4.0,4.0,0.0,0.0,0.0,0.0
878,22.8,2.047,319.0,6.9,0.0,0.0,0.0,0.0,0.0,0.0,4.0,0.0
879,22.8,2.26,292.0,6.9,0.0,0.0,4.0,0.0,0.0,0.0,8.0,1.0
880,22.8,2.674,251.0,4.9,0.0,0.0,4.0,4.0,0.0,0.0,4.0,1.0
881,22.8,2.447,199.0,6.6,0.0,0.0,0.0,0.0,0.0,0.0,4.0,1.0
882,22.8,2.359,158.0,5.5,0.0,4.0,4.0,0.0,0.0,0.0,8.0,1.0
883,22.8,2.206,140.0,5.1,0.0,0.0,4.0,0.0,0.0,0.0,8.0,1.0
884,22.8,2.736,192.0,4.1,0.0,0.0,4.0,4.0,0.0,0.0,4.0,0.0
885,22.8,2.493,215.0,4.9,0.0,0.0,0.0,4.0,0.0,0.0,8.0,1.0
886,22.8,2.543,146.0,4.9,0.0,0.0,0.0,0.0,0.0,0.0,0.0,0.0
887,22.8,2.295,149.0,4.2,0.0,0.0,0.0,0.0,0.0,0.0,12.0,1.0
888,22.8,2.622,204.0,4.5,0.0,0.0,0.0,0.0,0.0,0.0,4.0,0.0
889,22.8,2.503,152.0,5.3,0.0,0.0,4.0,4.0,0.0,0.0,12.0,1.0
